country,year,dodji_annual,mortality_rate_t,mortality_rate_t3,log_change_t3,rank_t,rank_t3
Hungary,1992,0.09910365735799413,0.3128526208813531,0.2893276637533173,-0.07817212947443952,0.3128526208813531,0.2893276637533173
Hungary,1993,0.13824862154181658,0.3124291011256609,0.2855387761672751,-0.08999942729121968,0.3124291011256609,0.2855387761672751
Hungary,1994,0.18318981774431484,0.295046542534955,0.2946001038920831,-0.001514253380831665,0.295046542534955,0.2946001038920831
Hungary,1995,0.266338805965128,0.2893276637533173,0.3297957452175973,0.13091325435806933,0.2893276637533173,0.3297957452175973
Hungary,1996,0.31992749971731604,0.2855387761672751,0.3663771789643346,0.24928473533009265,0.2855387761672751,0.3663771789643346
Hungary,1997,0.35502310963272293,0.2946001038920831,0.3680986684854975,0.22273148866530645,0.2946001038920831,0.3680986684854975
Hungary,1998,0.35364119290471274,0.3297957452175973,0.3678098694706759,0.1090923232812433,0.3297957452175973,0.3678098694706759
Hungary,1999,0.3165459632359107,0.3663771789643346,0.3719011435794782,0.014964688976115581,0.3663771789643346,0.3719011435794782
Hungary,2000,0.253553826623617,0.3680986684854975,0.3832291622484293,0.04028201472869486,0.3680986684854975,0.3832291622484293
Hungary,2001,0.20012655267417362,0.3678098694706759,0.3893149100637066,0.056822257770104856,0.3678098694706759,0.3893149100637066
Hungary,2002,0.13525695476103403,0.3719011435794782,0.4004641664925235,0.07399602290172269,0.3719011435794782,0.4004641664925235
Hungary,2003,0.07840041330963513,0.3832291622484293,0.3955896690428,0.03174425811868209,0.3832291622484293,0.3955896690428
Hungary,2004,0.03425562831016731,0.3893149100637066,0.3969695918339537,0.019471079788442425,0.3893149100637066,0.3969695918339537
Hungary,2005,0.01494278724621373,0.4004641664925235,0.3812212655152293,-0.04924420859005951,0.4004641664925235,0.3812212655152293
Hungary,2006,0.006753951687249084,0.3955896690428,0.376508155018769,-0.04943764955882679,0.3955896690428,0.376508155018769
Hungary,2007,0.03292140482975259,0.3969695918339537,0.3570147739944447,-0.10608223629652036,0.3969695918339537,0.3570147739944447
Hungary,2008,0.08832463078473986,0.3812212655152293,0.3399792729411025,-0.11449498392045221,0.3812212655152293,0.3399792729411025
Hungary,2009,0.15943372353791666,0.376508155018769,0.3406253597363636,-0.1001562057671117,0.376508155018769,0.3406253597363636
Hungary,2010,0.21205790424530965,0.3570147739944447,0.3318850475075092,-0.07298828606152097,0.3570147739944447,0.3318850475075092
Hungary,2011,0.25052535334032994,0.3399792729411025,0.3412752319413246,0.0038046185370637087,0.3399792729411025,0.3412752319413246
Hungary,2012,0.2477086539886762,0.3406253597363636,0.3557063987826974,0.043322322068048535,0.3406253597363636,0.3557063987826974
Hungary,2013,0.2150637213028311,0.3318850475075092,0.3498903149915361,0.05283089806347574,0.3318850475075092,0.3498903149915361
Hungary,2014,0.17653681991207473,0.3412752319413246,0.3787345044069242,0.10414587019570243,0.3412752319413246,0.3787345044069242
Hungary,2015,0.1396592987373988,0.3557063987826974,0.3987370339267918,0.11419616532359123,0.3557063987826974,0.3987370339267918
Hungary,2016,0.13964332427578802,0.3498903149915361,0.4236525179336453,0.19129336881405823,0.3498903149915361,0.4236525179336453
Hungary,2017,0.204111225391072,0.3787345044069242,0.424484845767044,0.11404057799230005,0.3787345044069242,0.424484845767044
Hungary,2018,0.29567603811135745,0.3987370339267918,0.4463139674135967,0.11272026305014626,0.3987370339267918,0.4463139674135967
North Macedonia,1992,2.316066682533369,0.3657520087603104,0.364478745560021,-0.003487283973823363,0.3657520087603104,0.364478745560021
North Macedonia,1993,2.201930119448155,0.37475354865265,0.3757883777698233,0.002757546191460958,0.37475354865265,0.3757883777698233
North Macedonia,1994,2.054067702589887,0.3614316176382415,0.3931228400435129,0.0840490491955086,0.3614316176382415,0.3931228400435129
North Macedonia,1995,1.8408983013823057,0.364478745560021,0.4417461263580479,0.19226662387869264,0.364478745560021,0.4417461263580479
North Macedonia,1996,1.6409050935614997,0.3757883777698233,0.4897879893679744,0.26494584347954486,0.3757883777698233,0.4897879893679744
North Macedonia,1997,1.4895931537027265,0.3931228400435129,0.5051716677949216,0.2507756104152318,0.3931228400435129,0.5051716677949216
North Macedonia,1998,1.4016819993043306,0.4417461263580479,0.5322936469041777,0.18645957754203912,0.4417461263580479,0.5322936469041777
North Macedonia,1999,1.4479764595119982,0.4897879893679744,0.5559126712513968,0.12663835024953385,0.4897879893679744,0.5559126712513968
North Macedonia,2000,1.4779182215582034,0.5051716677949216,0.5686015940003204,0.11828147402851719,0.5051716677949216,0.5686015940003204
North Macedonia,2001,1.5729959942859717,0.5322936469041777,0.5651363881118093,0.059871682797402626,0.5322936469041777,0.5651363881118093
North Macedonia,2002,1.6179237270612226,0.5559126712513968,0.5586469042338269,0.004906392841088847,0.5559126712513968,0.5586469042338269
North Macedonia,2003,1.6518033700619037,0.5686015940003204,0.5597291829726582,-0.01572690979110669,0.5686015940003204,0.5597291829726582
North Macedonia,2004,1.5874704129142845,0.5651363881118093,0.5754167238962699,0.018027386996150585,0.5651363881118093,0.5754167238962699
North Macedonia,2005,1.5556834109237763,0.5586469042338269,0.5692733898529774,0.018843142114570166,0.5586469042338269,0.5692733898529774
North Macedonia,2006,1.4904780278937768,0.5597291829726582,0.5631606973643026,0.006111942091638345,0.5597291829726582,0.5631606973643026
North Macedonia,2007,1.4310552801801706,0.5754167238962699,0.5524372860935873,-0.04075452560754078,0.5754167238962699,0.5524372860935873
North Macedonia,2008,1.4237199551989863,0.5692733898529774,0.5273263483888679,-0.07654103947465696,0.5692733898529774,0.5273263483888679
North Macedonia,2009,1.4662218683090908,0.5631606973643026,0.5226522402828574,-0.07464856991192947,0.5631606973643026,0.5226522402828574
North Macedonia,2010,1.5535166235859372,0.5524372860935873,0.5291777042030085,-0.04301553783476886,0.5524372860935873,0.5291777042030085
North Macedonia,2011,1.695435978760845,0.5273263483888679,0.5358377767157056,0.016011815972125643,0.5273263483888679,0.5358377767157056
North Macedonia,2012,1.8009203537177947,0.5226522402828574,0.5375580994634429,0.02812048276964596,0.5226522402828574,0.5375580994634429
North Macedonia,2013,1.8915573680581435,0.5291777042030085,0.5438776267692754,0.027399919465978084,0.5291777042030085,0.5438776267692754
North Macedonia,2014,1.9928825187739372,0.5358377767157056,0.5387444605104553,0.0054098893007870075,0.5358377767157056,0.5387444605104553
North Macedonia,2015,2.034752550085426,0.5375580994634429,0.5376030299531372,8.357892582289139e-05,0.5375580994634429,0.5376030299531372
North Macedonia,2016,2.072934400199151,0.5438776267692754,0.5200928457849253,-0.04471684145059551,0.5438776267692754,0.5200928457849253
North Macedonia,2017,2.1514663629110298,0.5387444605104553,0.453662657794901,-0.17188713379483367,0.5387444605104553,0.453662657794901
North Macedonia,2018,2.242770954665577,0.5376030299531372,0.4614030390946431,-0.1528481856741718,0.5376030299531372,0.4614030390946431
Greece,1992,-0.2690099335627986,1.0518865533445938,1.6584085917223603,0.4552728456965472,1.0518865533445938,1.6584085917223603
Greece,1993,-0.3120669291264923,1.1826267729769282,1.858697530414588,0.45213763917550454,1.1826267729769282,1.858697530414588
Greece,1994,-0.3569129893738354,1.4151948980255025,2.00253888868564,0.34714835385848847,1.4151948980255025,2.00253888868564
Greece,1995,-0.43211365601326823,1.6584085917223603,2.1223923444934782,0.24668532215323702,1.6584085917223603,2.1223923444934782
Greece,1996,-0.49314868215929947,1.858697530414588,2.268106175740025,0.19906911238672198,1.858697530414588,2.268106175740025
Greece,1997,-0.5385768274062955,2.00253888868564,2.43686918993368,0.19629818768061202,2.00253888868564,2.43686918993368
Greece,1998,-0.5858987917917738,2.1223923444934782,2.535133518630884,0.17770231218733057,2.1223923444934782,2.535133518630884
Greece,1999,-0.6301508729605021,2.268106175740025,2.4465183663319343,0.07572070728317726,2.268106175740025,2.4465183663319343
Greece,2000,-0.6797459371355187,2.43686918993368,2.4760585767560235,0.01595390934143459,2.43686918993368,2.4760585767560235
Greece,2001,-0.7252510309585094,2.535133518630884,2.651437879955049,0.04485576602531893,2.535133518630884,2.651437879955049
Greece,2002,-0.7531138557606233,2.4465183663319343,2.837801563887579,0.14836365991839462,2.4465183663319343,2.837801563887579
Greece,2003,-0.7598571731451468,2.4760585767560235,2.859992721252598,0.14415101323557689,2.4760585767560235,2.859992721252598
Greece,2004,-0.7327789239979084,2.651437879955049,2.9176269019082155,0.09566845756561337,2.651437879955049,2.9176269019082155
Greece,2005,-0.6787327581146511,2.837801563887579,2.809217779836354,-0.01012357716845691,2.837801563887579,2.809217779836354
Greece,2006,-0.6219212521713811,2.859992721252598,2.7706638531188195,-0.0317321188874049,2.859992721252598,2.7706638531188195
Greece,2007,-0.5746683429193338,2.9176269019082155,2.5542349822311494,-0.13301777331810005,2.9176269019082155,2.5542349822311494
Greece,2008,-0.527454401202004,2.809217779836354,2.3454725270936936,-0.1804191183560271,2.809217779836354,2.3454725270936936
Greece,2009,-0.5165269397066603,2.7706638531188195,2.2190365534064678,-0.22201374319637712,2.7706638531188195,2.2190365534064678
Greece,2010,-0.5362876637834209,2.5542349822311494,2.063454301707302,-0.21337124187788403,2.5542349822311494,2.063454301707302
Greece,2011,-0.5636942312406823,2.3454725270936936,2.028341517902385,-0.14526834614631468,2.3454725270936936,2.028341517902385
Greece,2012,-0.5975145656463077,2.2190365534064678,2.109748404928105,-0.05050439238145976,2.2190365534064678,2.109748404928105
Greece,2013,-0.6330162678535879,2.063454301707302,2.1422884781075475,0.03749319815661589,2.063454301707302,2.1422884781075475
Greece,2014,-0.6437699737029382,2.028341517902385,2.183763750255959,0.0738313710996421,2.028341517902385,2.183763750255959
Greece,2015,-0.6391936989373507,2.109748404928105,2.267916249392299,0.07229272404338605,2.109748404928105,2.267916249392299
Greece,2016,-0.6150022180882125,2.1422884781075475,2.320508457689122,0.07991164866703093,2.1422884781075475,2.320508457689122
Greece,2017,-0.5650046756167832,2.183763750255959,2.249919631660765,0.02984460378001541,2.183763750255959,2.249919631660765
Greece,2018,-0.5138562964533966,2.267916249392299,2.2792408842750453,0.004980981735492884,2.267916249392299,2.2792408842750453
Germany,1992,-0.7719866463617404,1.6836930214459438,1.6756548107092144,-0.00478558440123511,1.6836930214459438,1.6756548107092144
Germany,1993,-0.7616895373982541,1.6894634296073197,1.6784815676093705,-0.0065214214639210955,1.6894634296073197,1.6784815676093705
Germany,1994,-0.7613612620450239,1.684581141025621,1.64866946372394,-0.021548361992056175,1.684581141025621,1.64866946372394
Germany,1995,-0.7491077539089823,1.6756548107092144,1.673076602951116,-0.0015398109965971685,1.6756548107092144,1.673076602951116
Germany,1996,-0.7313177715374839,1.6784815676093705,1.761144477429693,0.04807428510652323,1.6784815676093705,1.761144477429693
Germany,1997,-0.7118462099011053,1.64866946372394,1.8176126578993068,0.09755528022924947,1.64866946372394,1.8176126578993068
Germany,1998,-0.6960498268453308,1.673076602951116,1.7609147055904235,0.051169154580194665,1.673076602951116,1.7609147055904235
Germany,1999,-0.6641274433203644,1.761144477429693,1.6998242167536737,-0.03543900469243488,1.761144477429693,1.6998242167536737
Germany,2000,-0.6301632889837163,1.8176126578993068,1.6740731869158043,-0.08226417552632925,1.8176126578993068,1.6740731869158043
Germany,2001,-0.6090395195345797,1.7609147055904235,1.6254514926704633,-0.08004772696713947,1.7609147055904235,1.6254514926704633
Germany,2002,-0.5908894499089152,1.6998242167536737,1.6159444086823185,-0.05060525432987645,1.6998242167536737,1.6159444086823185
Germany,2003,-0.5639865947534384,1.6740731869158043,1.6095396411625964,-0.03931146600138502,1.6740731869158043,1.6095396411625964
Germany,2004,-0.5497461752529431,1.6254514926704633,1.6577639900777277,0.019684069601844878,1.6254514926704633,1.6577639900777277
Germany,2005,-0.5465175424257257,1.6159444086823185,1.7057512255510805,0.054086023674869976,1.6159444086823185,1.7057512255510805
Germany,2006,-0.5360358618733487,1.6095396411625964,1.7050227873554131,0.057630239928332494,1.6095396411625964,1.7050227873554131
Germany,2007,-0.5321027224831257,1.6577639900777277,1.6634012205498632,0.003394731748411539,1.6577639900777277,1.6634012205498632
Germany,2008,-0.54558198193856,1.7057512255510805,1.6163691350787952,-0.05382322359042835,1.7057512255510805,1.6163691350787952
Germany,2009,-0.5595905148436923,1.7050227873554131,1.5953400829659283,-0.06649150367135626,1.7050227873554131,1.5953400829659283
Germany,2010,-0.5701018365683144,1.6634012205498632,1.6320814902681111,-0.01900823462601675,1.6634012205498632,1.6320814902681111
Germany,2011,-0.5874652525935732,1.6163691350787952,1.6638154654839186,0.028931061273952063,1.6163691350787952,1.6638154654839186
Germany,2012,-0.5942218231743553,1.5953400829659283,1.76881996091068,0.10322564235253895,1.5953400829659283,1.76881996091068
Germany,2013,-0.5917194763776228,1.6320814902681111,1.8284340766942195,0.11360365088516511,1.6320814902681111,1.8284340766942195
Germany,2014,-0.5834775278621134,1.6638154654839186,1.8064410617253288,0.08224515984614245,1.6638154654839186,1.8064410617253288
Germany,2015,-0.5692842931105229,1.76881996091068,1.8554269633948264,0.047802176632506854,1.76881996091068,1.8554269633948264
Germany,2016,-0.5441983626803493,1.8284340766942195,1.8843840439097768,0.030141079363461998,1.8284340766942195,1.8843840439097768
Germany,2017,-0.519729546054462,1.8064410617253288,1.8661173586558235,0.03250133051278492,1.8064410617253288,1.8661173586558235
Germany,2018,-0.4912932723787631,1.8554269633948264,1.873014847293193,0.009434506860887093,1.8554269633948264,1.873014847293193
Argentina,1992,-0.2420580384594288,0.0483758265664019,0.0506203794761922,0.04535309723390979,0.0483758265664019,0.0506203794761922
Argentina,1993,-0.23114380471124107,0.0483217480549206,0.0534981073777845,0.1017625452284423,0.0483217480549206,0.0534981073777845
Argentina,1994,-0.23404957608273674,0.0493825621524087,0.0651790394600549,0.2775356599414174,0.0493825621524087,0.0651790394600549
Argentina,1995,-0.2319649607318305,0.0506203794761922,0.0790257328346606,0.44541217918847753,0.0506203794761922,0.0790257328346606
Argentina,1996,-0.2369218245315745,0.0534981073777845,0.0865032211789182,0.480528243268064,0.0534981073777845,0.0865032211789182
Argentina,1997,-0.2534463057684562,0.0651790394600549,0.0871113052632986,0.2900448724894287,0.0651790394600549,0.0871113052632986
Argentina,1998,-0.276340217971217,0.0790257328346606,0.0953720221548608,0.18800956628778875,0.0790257328346606,0.0953720221548608
Argentina,1999,-0.2993548943001861,0.0865032211789182,0.1028938254827256,0.17351414221815498,0.0865032211789182,0.1028938254827256
Argentina,2000,-0.3399735412344603,0.0871113052632986,0.1021799689555433,0.15954729538750145,0.0871113052632986,0.1021799689555433
Argentina,2001,-0.39477266407342115,0.0953720221548608,0.1014850937941424,0.06212603031538899,0.0953720221548608,0.1014850937941424
Argentina,2002,-0.4411661401212851,0.1028938254827256,0.1056420044127893,0.02635817240883931,0.1028938254827256,0.1056420044127893
Argentina,2003,-0.5003749086579974,0.1021799689555433,0.1121862603440868,0.09342399578418492,0.1021799689555433,0.1121862603440868
Argentina,2004,-0.5411367246415394,0.1014850937941424,0.1218068520362757,0.18252303769273182,0.1014850937941424,0.1218068520362757
Argentina,2005,-0.5575856833975623,0.1056420044127893,0.1215984249344959,0.14066671323333946,0.1056420044127893,0.1215984249344959
Argentina,2006,-0.5669300685500738,0.1121862603440868,0.1216174944824623,0.08071960827891944,0.1121862603440868,0.1216174944824623
Argentina,2007,-0.5478665112739504,0.1218068520362757,0.12181121870235,3.584816358959131e-05,0.1218068520362757,0.12181121870235
Argentina,2008,-0.5024632016034505,0.1215984249344959,0.125855879362242,0.034413142911824846,0.1215984249344959,0.125855879362242
Argentina,2009,-0.4604320827437934,0.1216174944824623,0.1297386590443196,0.06464076903893012,0.1216174944824623,0.1297386590443196
Argentina,2010,-0.42939642085811525,0.12181121870235,0.1292701003075645,0.05943108396285668,0.12181121870235,0.1292701003075645
Argentina,2011,-0.3889723457839407,0.125855879362242,0.1271896657748593,0.01054188266468925,0.125855879362242,0.1271896657748593
Argentina,2012,-0.372008231344615,0.1297386590443196,0.1291001486296369,-0.004933624767800904,0.1297386590443196,0.1291001486296369
Argentina,2013,-0.37938171925424985,0.1292701003075645,0.1373095998437244,0.06033375990000711,0.1292701003075645,0.1373095998437244
Argentina,2014,-0.39322568926514656,0.1271896657748593,0.1444962822515217,0.12757343348737638,0.1271896657748593,0.1444962822515217
Argentina,2015,-0.3933729162575354,0.1291001486296369,0.1541778511939669,0.17751710491129624,0.1291001486296369,0.1541778511939669
Argentina,2016,-0.38606372298645475,0.1373095998437244,0.152325214217994,0.10377885547485532,0.1373095998437244,0.152325214217994
Argentina,2017,-0.37030509178462384,0.1444962822515217,0.1411510307885862,-0.023423157381535997,0.1444962822515217,0.1411510307885862
Argentina,2018,-0.32760698354921536,0.1541778511939669,0.1326734112427086,-0.1502152088191393,0.1541778511939669,0.1326734112427086
Montenegro,1992,1.6015332101105597,0.1603080862636351,0.1749374760351463,0.08733060571998363,0.1603080862636351,0.1749374760351463
Montenegro,1993,1.7236129668203184,0.1692333609154671,0.1796672057418692,0.05982734323442318,0.1692333609154671,0.1796672057418692
Montenegro,1994,1.7780053267772427,0.1726513391033075,0.1844870265666152,0.06630459273446832,0.1726513391033075,0.1844870265666152
Montenegro,1995,1.8071502192908364,0.1749374760351463,0.1916105079316001,0.09103557941015983,0.1749374760351463,0.1916105079316001
Montenegro,1996,1.921466825376048,0.1796672057418692,0.2060767003384736,0.13714143529640532,0.1796672057418692,0.2060767003384736
Montenegro,1997,1.933053364648308,0.1844870265666152,0.207593600090579,0.1180025751122693,0.1844870265666152,0.207593600090579
Montenegro,1998,1.8495140728648767,0.1916105079316001,0.1993967765673275,0.03983178084378025,0.1916105079316001,0.1993967765673275
Montenegro,1999,1.7419296091579417,0.2060767003384736,0.1912001548762074,-0.07492724303529052,0.2060767003384736,0.1912001548762074
Montenegro,2000,1.6236513020582588,0.207593600090579,0.1937561267130382,-0.06898168923704673,0.207593600090579,0.1937561267130382
Montenegro,2001,1.5289985248606377,0.1993967765673275,0.1953596008944845,-0.020454620660978584,0.1993967765673275,0.1953596008944845
Montenegro,2002,1.4583140713223848,0.1912001548762074,0.1977685907051895,0.03377662903567469,0.1912001548762074,0.1977685907051895
Montenegro,2003,1.3672390074835363,0.1937561267130382,0.1934109898805477,-0.001782874248593247,0.1937561267130382,0.1934109898805477
Montenegro,2004,1.323170099206804,0.1953596008944845,0.19146006423593,-0.020162618157792966,0.1953596008944845,0.19146006423593
Montenegro,2005,1.3265098109987,0.1977685907051895,0.1913976046215311,-0.03274448116860862,0.1977685907051895,0.1913976046215311
Montenegro,2006,1.2751883165710733,0.1934109898805477,0.1914361440879904,-0.010263050907280968,0.1934109898805477,0.1914361440879904
Montenegro,2007,1.2359117444687966,0.19146006423593,0.1914476070361777,-6.506599697675419e-05,0.19146006423593,0.1914476070361777
Montenegro,2008,1.24300115335147,0.1913976046215311,0.1903114929246574,-0.005690767886936232,0.1913976046215311,0.1903114929246574
Montenegro,2009,1.3046824491961355,0.1914361440879904,0.194515650985189,0.015958243136455108,0.1914361440879904,0.194515650985189
Montenegro,2010,1.380061487419362,0.1914476070361777,0.1980425351002366,0.033867478734742607,0.1914476070361777,0.1980425351002366
Montenegro,2011,1.4916257813883753,0.1903114929246574,0.1993695145385974,0.04649755494726571,0.1903114929246574,0.1993695145385974
Montenegro,2012,1.6063568268243285,0.194515650985189,0.1982157709921993,0.018843466253101626,0.194515650985189,0.1982157709921993
Montenegro,2013,1.6631507400215582,0.1980425351002366,0.2031525190867639,0.02547506411717082,0.1980425351002366,0.2031525190867639
Montenegro,2014,1.6820159971090312,0.1993695145385974,0.2133211950118505,0.0676386997666385,0.1993695145385974,0.2133211950118505
Montenegro,2015,1.7066964128058306,0.1982157709921993,0.2152271795749166,0.08233753086935303,0.1982157709921993,0.2152271795749166
Montenegro,2016,1.7755118547199158,0.2031525190867639,0.2271749252963949,0.11176277374214094,0.2031525190867639,0.2271749252963949
Montenegro,2017,1.848019358608293,0.2133211950118505,0.2124203465332655,-0.004231889553735657,0.2133211950118505,0.2124203465332655
Montenegro,2018,2.001213509656481,0.2152271795749166,0.198300162958707,-0.08191186554349472,0.2152271795749166,0.198300162958707
Iceland,1992,-0.29698621846697704,2.156660145338799,2.2722429810402214,0.05220662139435406,2.156660145338799,2.2722429810402214
Iceland,1993,-0.3067034700545779,2.1471191240848357,2.354415307473775,0.0921653772268547,2.1471191240848357,2.354415307473775
Iceland,1994,-0.3060398181142827,2.219522815286775,2.4647915841985486,0.10481498435524628,2.219522815286775,2.4647915841985486
Iceland,1995,-0.3025338571852862,2.2722429810402214,2.572984599931911,0.12429905556295229,2.2722429810402214,2.572984599931911
Iceland,1996,-0.2990409512019109,2.354415307473775,2.708041520004697,0.1399332122581729,2.354415307473775,2.708041520004697
Iceland,1997,-0.29596522049497714,2.4647915841985486,2.8282333931813177,0.13754496800702642,2.4647915841985486,2.8282333931813177
Iceland,1998,-0.29920523969628593,2.572984599931911,2.853072439424729,0.10332987634573443,2.572984599931911,2.853072439424729
Iceland,1999,-0.30915193460860724,2.708041520004697,2.7833705454680517,0.027436922457782065,2.708041520004697,2.7833705454680517
Iceland,2000,-0.31756162658409337,2.8282333931813177,2.71272397778954,-0.0416989710722655,2.8282333931813177,2.71272397778954
Iceland,2001,-0.33643015612938953,2.853072439424729,2.7131599853612216,-0.05028244260306258,2.853072439424729,2.7131599853612216
Iceland,2002,-0.35298654177264993,2.7833705454680517,2.72504447686509,-0.021177862277308224,2.7833705454680517,2.72504447686509
Iceland,2003,-0.35992951023219455,2.71272397778954,2.8376824775097544,0.04503438584677033,2.71272397778954,2.8376824775097544
Iceland,2004,-0.374743756232637,2.7131599853612216,2.95113491904078,0.0840757831178629,2.7131599853612216,2.95113491904078
Iceland,2005,-0.41832800064576414,2.72504447686509,3.0933826695489,0.12678041374730187,2.72504447686509,3.0933826695489
Iceland,2006,-0.45864568579641474,2.8376824775097544,3.296185642274182,0.14977819495306588,2.8376824775097544,3.296185642274182
Iceland,2007,-0.4976064794213563,2.95113491904078,3.4008399088003194,0.14183257362164436,2.95113491904078,3.4008399088003194
Iceland,2008,-0.5302790260530004,3.0933826695489,3.451645621917836,0.10958586841480877,3.0933826695489,3.451645621917836
Iceland,2009,-0.5559151268141118,3.296185642274182,3.544785752472732,0.07271176637661281,3.296185642274182,3.544785752472732
Iceland,2010,-0.5579095996927794,3.4008399088003194,3.656196215825559,0.07240086803674206,3.4008399088003194,3.656196215825559
Iceland,2011,-0.5430098726031762,3.451645621917836,3.754697957768416,0.08415671207262454,3.451645621917836,3.754697957768416
Iceland,2012,-0.5323536377750488,3.544785752472732,3.944092968767748,0.10674125848486171,3.544785752472732,3.944092968767748
Iceland,2013,-0.5211396680696441,3.656196215825559,4.237580600176374,0.14756913400341487,3.656196215825559,4.237580600176374
Iceland,2014,-0.5147901219955571,3.754697957768416,4.524633342058101,0.18652865453324785,3.754697957768416,4.524633342058101
Iceland,2015,-0.508022651621059,3.944092968767748,4.776690423625767,0.191528873843946,3.944092968767748,4.776690423625767
Iceland,2016,-0.5148821071665834,4.237580600176374,4.9187900719455175,0.1490700540266321,4.237580600176374,4.9187900719455175
Iceland,2017,-0.5104578739515779,4.524633342058101,4.852800394077308,0.07001937972314431,4.524633342058101,4.852800394077308
Iceland,2018,-0.4845819384659166,4.776690423625767,5.261100203530543,0.09659222306846393,4.776690423625767,5.261100203530543
Mexico,1992,-1.1261989314977705,0.3192188679774952,0.367042461977513,0.1396001593738283,0.3192188679774952,0.367042461977513
Mexico,1993,-1.1271857252061706,0.3344250247896093,0.3827439290401337,0.13495308218783586,0.3344250247896093,0.3827439290401337
Mexico,1994,-1.1227749708448618,0.3453635775222794,0.4274427099170518,0.21322200148927406,0.3453635775222794,0.4274427099170518
Mexico,1995,-1.1092346973749916,0.367042461977513,0.4739338456596559,0.25558958978311963,0.367042461977513,0.4739338456596559
Mexico,1996,-1.0956357236972043,0.3827439290401337,0.4875320562489415,0.24198931013127323,0.3827439290401337,0.4875320562489415
Mexico,1997,-1.0719267852305334,0.4274427099170518,0.4862768697904144,0.12895760205596685,0.4274427099170518,0.4862768697904144
Mexico,1998,-1.0495427734159501,0.4739338456596559,0.4714875006016483,-0.005175143024625406,0.4739338456596559,0.4714875006016483
Mexico,1999,-1.0273751970278517,0.4875320562489415,0.4641725273895814,-0.049099632073511645,0.4875320562489415,0.4641725273895814
Mexico,2000,-1.0073899805600421,0.4862768697904144,0.4666298974771256,-0.04124163332020914,0.4862768697904144,0.4666298974771256
Mexico,2001,-0.9916120814496526,0.4714875006016483,0.4517003521675257,-0.04287347664423036,0.4714875006016483,0.4517003521675257
Mexico,2002,-0.9906228804963093,0.4641725273895814,0.4436431738444497,-0.04523563288458954,0.4641725273895814,0.4436431738444497
Mexico,2003,-0.9970894900799872,0.4666298974771256,0.4153792369643009,-0.11634424134053145,0.4666298974771256,0.4153792369643009
Mexico,2004,-1.0114613203126344,0.4517003521675257,0.3930394899897782,-0.1391086016379367,0.4517003521675257,0.3930394899897782
Mexico,2005,-1.0307582591860218,0.4436431738444497,0.4019839180076425,-0.09860826034979775,0.4436431738444497,0.4019839180076425
Mexico,2006,-1.0568932688637613,0.4153792369643009,0.3845057752123477,-0.07723292476496924,0.4153792369643009,0.3845057752123477
Mexico,2007,-1.0667186397088853,0.3930394899897782,0.3786652696441999,-0.03725737238844429,0.3930394899897782,0.3786652696441999
Mexico,2008,-1.0732723072815398,0.4019839180076425,0.3481433630935459,-0.14379734029198288,0.4019839180076425,0.3481433630935459
Mexico,2009,-1.0741327925277044,0.3845057752123477,0.3257025432180009,-0.16597381862777527,0.3845057752123477,0.3257025432180009
Mexico,2010,-1.0638819878145354,0.3786652696441999,0.3266794158733493,-0.14767289061862732,0.3786652696441999,0.3266794158733493
Mexico,2011,-1.0600910375498054,0.3481433630935459,0.3210287466304527,-0.08108344276208168,0.3481433630935459,0.3210287466304527
Mexico,2012,-1.0628890248631888,0.3257025432180009,0.3249029940143243,-0.002457855344214943,0.3257025432180009,0.3249029940143243
Mexico,2013,-1.067747323466345,0.3266794158733493,0.344751418611072,0.0538441606804243,0.3266794158733493,0.344751418611072
Mexico,2014,-1.0709230846063156,0.3210287466304527,0.3574804102881365,0.10754957412079635,0.3210287466304527,0.3574804102881365
Mexico,2015,-1.0849834238654867,0.3249029940143243,0.3820415245657648,0.1620021876068375,0.3249029940143243,0.3820415245657648
Mexico,2016,-1.081312697062857,0.344751418611072,0.3987728501803734,0.1455679324755289,0.344751418611072,0.3987728501803734
Mexico,2017,-1.0768632780727396,0.3574804102881365,0.4069329465913112,0.1295675172961227,0.3574804102881365,0.4069329465913112
Mexico,2018,-1.0456702190625853,0.3820415245657648,0.4219697375996443,0.0994040461871376,0.3820415245657648,0.4219697375996443
Japan,1992,-1.1573964841717506,0.0904335138798741,0.1380059352051267,0.42267795376289685,0.0904335138798741,0.1380059352051267
Japan,1993,-1.1548427865878013,0.0977146300235446,0.1584311507623806,0.4832649047455273,0.0977146300235446,0.1584311507623806
Japan,1994,-1.1563909691217,0.1109858982592767,0.1700590174527757,0.42673925793920753,0.1109858982592767,0.1700590174527757
Japan,1995,-1.152215262590245,0.1380059352051267,0.1823470438042043,0.27861325049471564,0.1380059352051267,0.1823470438042043
Japan,1996,-1.1485006375266515,0.1584311507623806,0.1975475297501052,0.2206578436415716,0.1584311507623806,0.1975475297501052
Japan,1997,-1.1421478202712596,0.1700590174527757,0.2019867471241334,0.17205561917531975,0.1700590174527757,0.2019867471241334
Japan,1998,-1.131988456965649,0.1823470438042043,0.2080248876663064,0.13174534239219993,0.1823470438042043,0.2080248876663064
Japan,1999,-1.1138661763913527,0.1975475297501052,0.2113616830214162,0.06759126036600693,0.1975475297501052,0.2113616830214162
Japan,2000,-1.098215816819383,0.2019867471241334,0.2205844355889503,0.08807804507081163,0.2019867471241334,0.2205844355889503
Japan,2001,-1.076794139481157,0.2080248876663064,0.2272956768218269,0.08859357863109851,0.2080248876663064,0.2272956768218269
Japan,2002,-1.0572341155833793,0.2113616830214162,0.2340601591854076,0.10200691047167054,0.2113616830214162,0.2340601591854076
Japan,2003,-1.0468791570917735,0.2205844355889503,0.2360561892204386,0.06778902004342613,0.2205844355889503,0.2360561892204386
Japan,2004,-1.0460066109920225,0.2272956768218269,0.2420148690991491,0.0627471882745394,0.2272956768218269,0.2420148690991491
Japan,2005,-1.0582751493168014,0.2340601591854076,0.2460125522670024,0.049804179682931826,0.2340601591854076,0.2460125522670024
Japan,2006,-1.0830090658136315,0.2360561892204386,0.2517598146966295,0.06440538588159428,0.2360561892204386,0.2517598146966295
Japan,2007,-1.109827642555754,0.2420148690991491,0.250157489017302,0.033091374269567986,0.2420148690991491,0.250157489017302
Japan,2008,-1.1394532168088343,0.2460125522670024,0.2504005550192643,0.01767922441628622,0.2460125522670024,0.2504005550192643
Japan,2009,-1.1643164670591744,0.2517598146966295,0.2340721579106013,-0.07284578161656352,0.2517598146966295,0.2340721579106013
Japan,2010,-1.1804196219683276,0.250157489017302,0.2201000410387141,-0.128007954700738,0.250157489017302,0.2201000410387141
Japan,2011,-1.1889578928365414,0.2504005550192643,0.2093660759918134,-0.17897679349358908,0.2504005550192643,0.2093660759918134
Japan,2012,-1.1897856091640857,0.2340721579106013,0.19346222321745,-0.19054627362514953,0.2340721579106013,0.19346222321745
Japan,2013,-1.1834540257917676,0.2201000410387141,0.1851168013889728,-0.17309433167075627,0.2201000410387141,0.1851168013889728
Japan,2014,-1.1784163462276593,0.2093660759918134,0.180452844322411,-0.1486140209055229,0.2093660759918134,0.180452844322411
Japan,2015,-1.1731478669986994,0.19346222321745,0.175611772972631,-0.09680601593448879,0.19346222321745,0.175611772972631
Japan,2016,-1.1644192310730783,0.1851168013889728,0.1775211138736768,-0.04189720033550848,0.1851168013889728,0.1775211138736768
Japan,2017,-1.1558285132536041,0.180452844322411,0.1814432236022451,0.00547326355114186,0.180452844322411,0.1814432236022451
Japan,2018,-1.1441734367264393,0.175611772972631,0.1837704666353429,0.045411538916010574,0.175611772972631,0.1837704666353429
Canada,1992,-0.6444384007153424,1.633633446397642,1.9036935969561568,0.15298926835075521,1.633633446397642,1.9036935969561568
Canada,1993,-0.6525179382460206,1.7984184632085072,1.9503971540702196,0.0811253301356073,1.7984184632085072,1.9503971540702196
Canada,1994,-0.6545029066780472,1.8721389134537123,2.042937092835356,0.08730689793363189,1.8721389134537123,2.042937092835356
Canada,1995,-0.6675467653399692,1.9036935969561568,2.226640960635396,0.1566980805505881,1.9036935969561568,2.226640960635396
Canada,1996,-0.6800182779166349,1.9503971540702196,2.378507828488073,0.19844021536353662,1.9503971540702196,2.378507828488073
Canada,1997,-0.6816121322439503,2.042937092835356,2.514045926488117,0.2075047627702027,2.042937092835356,2.514045926488117
Canada,1998,-0.6778838827247105,2.226640960635396,2.636559745379573,0.16898071658624392,2.226640960635396,2.636559745379573
Canada,1999,-0.6811448505463926,2.378507828488073,2.762495067151338,0.14966089451579057,2.378507828488073,2.762495067151338
Canada,2000,-0.6834315177696674,2.514045926488117,2.9121014151611218,0.14698152369845385,2.514045926488117,2.9121014151611218
Canada,2001,-0.679318617549708,2.636559745379573,3.063049555570629,0.14993601307901683,2.636559745379573,3.063049555570629
Canada,2002,-0.686561256440577,2.762495067151338,3.2883510304544115,0.17425189349898917,2.762495067151338,3.2883510304544115
Canada,2003,-0.6972773300333021,2.9121014151611218,3.4269276217678204,0.16278911472067037,2.9121014151611218,3.4269276217678204
Canada,2004,-0.7042934356961328,3.063049555570629,3.5889415965920706,0.15844628481398781,3.063049555570629,3.5889415965920706
Canada,2005,-0.7136286509557106,3.2883510304544115,3.725329353782685,0.12476899679221098,3.2883510304544115,3.725329353782685
Canada,2006,-0.73509946549098,3.4269276217678204,3.871279563356336,0.12192093275390414,3.4269276217678204,3.871279563356336
Canada,2007,-0.7513387439681587,3.5889415965920706,4.029861739119593,0.11587469783161941,3.5889415965920706,4.029861739119593
Canada,2008,-0.7739939749160117,3.725329353782685,4.217822986402565,0.12416381854733194,3.725329353782685,4.217822986402565
Canada,2009,-0.8070321350303358,3.871279563356336,4.527584019680503,0.1566033418717654,3.871279563356336,4.527584019680503
Canada,2010,-0.8377399021531579,4.029861739119593,4.89189733416159,0.19384811994206297,4.029861739119593,4.89189733416159
Canada,2011,-0.8590549215487234,4.217822986402565,5.435325499995542,0.25360024033929673,4.217822986402565,5.435325499995542
Canada,2012,-0.8730787848786588,4.527584019680503,6.3591075262951735,0.3396995096020279,4.527584019680503,6.3591075262951735
Canada,2013,-0.8690310272342959,4.89189733416159,7.3949917811921715,0.41322268443934385,4.89189733416159,7.3949917811921715
Canada,2014,-0.8501337080334468,5.435325499995542,8.53541486655657,0.4513044875398513,5.435325499995542,8.53541486655657
Canada,2015,-0.822876298719313,6.3591075262951735,8.828246435569485,0.328068317792519,6.3591075262951735,8.828246435569485
Canada,2016,-0.7875580878340335,7.3949917811921715,8.68094047636478,0.16032686782119976,7.3949917811921715,8.68094047636478
Canada,2017,-0.7600718911584067,8.53541486655657,9.076664253085749,0.06148278237474214,8.53541486655657,9.076664253085749
Canada,2018,-0.7346896819745896,8.828246435569485,8.85305736635788,0.002806460942538447,8.828246435569485,8.85305736635788
Panama,1992,-0.2293253661567821,0.2990415032826479,0.3362651951752866,0.11731737911115814,0.2990415032826479,0.3362651951752866
Panama,1993,-0.2402586680161398,0.3212492752467788,0.3305899718174112,0.02866138352838643,0.3212492752467788,0.3305899718174112
Panama,1994,-0.24515783583147444,0.3199433654528461,0.3535898628681383,0.09999336740571407,0.3199433654528461,0.3535898628681383
Panama,1995,-0.2357150814895722,0.3362651951752866,0.374777935569843,0.1084332531505805,0.3362651951752866,0.374777935569843
Panama,1996,-0.2682892908778837,0.3305899718174112,0.4077913190259356,0.20987614627646967,0.3305899718174112,0.4077913190259356
Panama,1997,-0.3182060728643696,0.3535898628681383,0.4308432109873654,0.1976060752108938,0.3535898628681383,0.4308432109873654
Panama,1998,-0.34645200416163563,0.374777935569843,0.4490620655134999,0.18082698859595292,0.374777935569843,0.4490620655134999
Panama,1999,-0.3713129640357317,0.4077913190259356,0.45554591764904,0.11074069110497797,0.4077913190259356,0.45554591764904
Panama,2000,-0.38071862518377597,0.4308432109873654,0.4634127980285425,0.07287382185296742,0.4308432109873654,0.4634127980285425
Panama,2001,-0.3950166299805902,0.4490620655134999,0.4169464901069992,-0.07420304472776529,0.4490620655134999,0.4169464901069992
Panama,2002,-0.4000460700976732,0.45554591764904,0.36791328373142,-0.2136487275233152,0.45554591764904,0.36791328373142
Panama,2003,-0.3956577711515999,0.4634127980285425,0.3558838613925298,-0.2640131317036213,0.4634127980285425,0.3558838613925298
Panama,2004,-0.3830920189920853,0.4169464901069992,0.3344639830018098,-0.22042810137504387,0.4169464901069992,0.3344639830018098
Panama,2005,-0.4032814706551139,0.36791328373142,0.3360834909237466,-0.09048739696014818,0.36791328373142,0.3360834909237466
Panama,2006,-0.3843771345182165,0.3558838613925298,0.3238450805010382,-0.09433891275131301,0.3558838613925298,0.3238450805010382
Panama,2007,-0.367209794975128,0.3344639830018098,0.3098452659585982,-0.07645593128052575,0.3344639830018098,0.3098452659585982
Panama,2008,-0.3564249572618038,0.3360834909237466,0.3252379974329602,-0.03280230064517853,0.3360834909237466,0.3252379974329602
Panama,2009,-0.3670381903953558,0.3238450805010382,0.3401731129835833,0.04918924081030962,0.3238450805010382,0.3401731129835833
Panama,2010,-0.3734963868068216,0.3098452659585982,0.334355127786716,0.07613041758396588,0.3098452659585982,0.334355127786716
Panama,2011,-0.4017945055841131,0.3252379974329602,0.3314492244167988,0.018917356973480404,0.3252379974329602,0.3314492244167988
Panama,2012,-0.4189797593365861,0.3401731129835833,0.3246000689356585,-0.04686063538292684,0.3401731129835833,0.3246000689356585
Panama,2013,-0.4343029044938611,0.334355127786716,0.3301289433134035,-0.01272033122265448,0.334355127786716,0.3301289433134035
Panama,2014,-0.44232841467471884,0.3314492244167988,0.3393355727567856,0.023514809068280185,0.3314492244167988,0.3393355727567856
Panama,2015,-0.43650978460338596,0.3246000689356585,0.3465813403610252,0.06552347675800818,0.3246000689356585,0.3465813403610252
Panama,2016,-0.43236057945376544,0.3301289433134035,0.360008545901586,0.08664420292111874,0.3301289433134035,0.360008545901586
Panama,2017,-0.4498576291536421,0.3393355727567856,0.3715626010064223,0.09072759522898999,0.3393355727567856,0.3715626010064223
Panama,2018,-0.4426656986494822,0.3465813403610252,0.3752736797175582,0.07953781216633427,0.3465813403610252,0.3752736797175582
South Korea,1992,-0.4634123541543646,0.2336428584047996,0.3562288261338529,0.42177811823142086,0.2336428584047996,0.3562288261338529
South Korea,1993,-0.47994064775893663,0.2507199106928355,0.3924530912208929,0.4480791544278059,0.2507199106928355,0.3924530912208929
South Korea,1994,-0.49765174073350393,0.288663850805003,0.4093857355412029,0.34939394358881026,0.288663850805003,0.4093857355412029
South Korea,1995,-0.526741637541027,0.3562288261338529,0.4178561988798167,0.1595636430987809,0.3562288261338529,0.4178561988798167
South Korea,1996,-0.5332922122797231,0.3924530912208929,0.3985899262725711,0.015516078187836624,0.3924530912208929,0.3985899262725711
South Korea,1997,-0.541914634922895,0.4093857355412029,0.3566155374923584,-0.1379991931264557,0.4093857355412029,0.3566155374923584
South Korea,1998,-0.5284674913984072,0.4178561988798167,0.3248687831028717,-0.25171531001665237,0.4178561988798167,0.3248687831028717
South Korea,1999,-0.5075285073650111,0.3985899262725711,0.2935007946572875,-0.3060518896019917,0.3985899262725711,0.2935007946572875
South Korea,2000,-0.48549014244924255,0.3566155374923584,0.2727675989857837,-0.2680372668360842,0.3566155374923584,0.2727675989857837
South Korea,2001,-0.4605984213240122,0.3248687831028717,0.2552923296735424,-0.24101123816407455,0.3248687831028717,0.2552923296735424
South Korea,2002,-0.4346635012492935,0.2935007946572875,0.2424627905861199,-0.19103137186707309,0.2935007946572875,0.2424627905861199
South Korea,2003,-0.42656761370880264,0.2727675989857837,0.2277024290352793,-0.18057978058718716,0.2727675989857837,0.2277024290352793
South Korea,2004,-0.41134063086312606,0.2552923296735424,0.2184567401715336,-0.15582060949745102,0.2552923296735424,0.2184567401715336
South Korea,2005,-0.39628633463010043,0.2424627905861199,0.2088721051264166,-0.14912546699007456,0.2424627905861199,0.2088721051264166
South Korea,2006,-0.3931494673017984,0.2277024290352793,0.2070712906714474,-0.09497606980426654,0.2277024290352793,0.2070712906714474
South Korea,2007,-0.39135532587534666,0.2184567401715336,0.1978956740501635,-0.09884754075095281,0.2184567401715336,0.1978956740501635
South Korea,2008,-0.38049663316588866,0.2088721051264166,0.1885498743940515,-0.10235905390915567,0.2088721051264166,0.1885498743940515
South Korea,2009,-0.364711352951979,0.2070712906714474,0.1775210449688627,-0.1539731643841724,0.2070712906714474,0.1775210449688627
South Korea,2010,-0.33003542288785603,0.1978956740501635,0.168759158767572,-0.15926651820804394,0.1978956740501635,0.168759158767572
South Korea,2011,-0.287542261436228,0.1885498743940515,0.1625437868255184,-0.14841428612879692,0.1885498743940515,0.1625437868255184
South Korea,2012,-0.246960850757963,0.1775210449688627,0.1581768048808005,-0.11537505056620945,0.1775210449688627,0.1581768048808005
South Korea,2013,-0.20669372684922202,0.168759158767572,0.157147748886099,-0.07128572610496997,0.168759158767572,0.157147748886099
South Korea,2014,-0.1842844279236757,0.1625437868255184,0.1563300824634396,-0.03897749324387956,0.1625437868255184,0.1563300824634396
South Korea,2015,-0.17301892233947985,0.1581768048808005,0.1564488672666887,-0.01098412593782827,0.1581768048808005,0.1564488672666887
South Korea,2016,-0.14789528029524251,0.157147748886099,0.1567198474227913,-0.002726621077296043,0.157147748886099,0.1567198474227913
South Korea,2017,-0.10424749613239404,0.1563300824634396,0.1589980204318471,0.01692195960918763,0.1563300824634396,0.1589980204318471
South Korea,2018,-0.05207649272053142,0.1564488672666887,0.1602594936765575,0.02406495511059603,0.1564488672666887,0.1602594936765575
Chile,1992,-0.5867404792019132,0.0925283367393423,0.108194915783546,0.15641787060809254,0.0925283367393423,0.108194915783546
Chile,1993,-0.5927944111030857,0.093539716397467,0.12201156291053,0.2657272031112585,0.093539716397467,0.12201156291053
Chile,1994,-0.5920736035159013,0.0984109345663993,0.1620090335949078,0.498496186137958,0.0984109345663993,0.1620090335949078
Chile,1995,-0.593297553841479,0.108194915783546,0.1703286258161106,0.45379191627015203,0.108194915783546,0.1703286258161106
Chile,1996,-0.5950435081307331,0.12201156291053,0.1741951058857654,0.35605769578803836,0.12201156291053,0.1741951058857654
Chile,1997,-0.5798333940132875,0.1620090335949078,0.1737290889421958,0.0698446127766581,0.1620090335949078,0.1737290889421958
Chile,1998,-0.5564561594723485,0.1703286258161106,0.1921109546468427,0.1203427641589041,0.1703286258161106,0.1921109546468427
Chile,1999,-0.5422345767250173,0.1741951058857654,0.2073876475346311,0.17441284734527662,0.1741951058857654,0.2073876475346311
Chile,2000,-0.5255242007530255,0.1737290889421958,0.2117539735230368,0.19792693910629278,0.1737290889421958,0.2117539735230368
Chile,2001,-0.5229961219465193,0.1921109546468427,0.2195832782858937,0.13365781535578725,0.1921109546468427,0.2195832782858937
Chile,2002,-0.5341700001184799,0.2073876475346311,0.2260653203803423,0.08623385199221811,0.2073876475346311,0.2260653203803423
Chile,2003,-0.5633644739764774,0.2117539735230368,0.2363989070085032,0.11009507119839013,0.2117539735230368,0.2363989070085032
Chile,2004,-0.5925811666586382,0.2195832782858937,0.252300531791347,0.13888881237045148,0.2195832782858937,0.252300531791347
Chile,2005,-0.626903100430429,0.2260653203803423,0.250216404542941,0.10150174890146002,0.2260653203803423,0.250216404542941
Chile,2006,-0.6553890291670895,0.2363989070085032,0.2567789206393758,0.08269448593530093,0.2363989070085032,0.2567789206393758
Chile,2007,-0.6875367025439666,0.252300531791347,0.2551832831223634,0.01136103612506889,0.252300531791347,0.2551832831223634
Chile,2008,-0.6942973446132451,0.250216404542941,0.2533931549809016,0.012616043112097408,0.250216404542941,0.2533931549809016
Chile,2009,-0.7046213640608086,0.2567789206393758,0.2561199170104934,-0.002569713063999002,0.2567789206393758,0.2561199170104934
Chile,2010,-0.7165992153234482,0.2551832831223634,0.2554543226215681,0.0010615687526365214,0.2551832831223634,0.2554543226215681
Chile,2011,-0.7208208715988069,0.2533931549809016,0.2586932877482496,0.020700807098858576,0.2533931549809016,0.2586932877482496
Chile,2012,-0.7146377756045751,0.2561199170104934,0.2672682773505001,0.04260701454064897,0.2561199170104934,0.2672682773505001
Chile,2013,-0.7249117305232623,0.2554543226215681,0.2767906072306035,0.08021737076951707,0.2554543226215681,0.2767906072306035
Chile,2014,-0.7179519899387228,0.2586932877482496,0.2957926561868917,0.13401509540879197,0.2586932877482496,0.2957926561868917
Chile,2015,-0.7006440694291757,0.2672682773505001,0.3170044519338625,0.17066229268015132,0.2672682773505001,0.3170044519338625
Chile,2016,-0.6712535051899959,0.2767906072306035,0.3305364458237778,0.17745505081437773,0.2767906072306035,0.3305364458237778
Chile,2017,-0.6303509648902371,0.2957926561868917,0.3112601324711736,0.050970110360007315,0.2957926561868917,0.3112601324711736
Chile,2018,-0.5645512282381697,0.3170044519338625,0.3210226291113077,0.012595759100594517,0.3170044519338625,0.3210226291113077
Ireland,1992,-0.6228855294674647,1.4924368497903469,2.1289223811803377,0.3552054733549887,1.4924368497903469,2.1289223811803377
Ireland,1993,-0.6394039774716355,1.6570728725003534,2.361943570899548,0.3544319309532207,1.6570728725003534,2.361943570899548
Ireland,1994,-0.6363263612022431,1.837431589239905,2.545171914882762,0.3258293253699813,1.837431589239905,2.545171914882762
Ireland,1995,-0.6522410027745311,2.1289223811803377,2.680360942770692,0.23033544158547925,2.1289223811803377,2.680360942770692
Ireland,1996,-0.6727765108288378,2.361943570899548,2.8585324453631107,0.19082346149272822,2.361943570899548,2.8585324453631107
Ireland,1997,-0.6886361595939569,2.545171914882762,2.947781869909777,0.1468547275857156,2.545171914882762,2.947781869909777
Ireland,1998,-0.6974932466755047,2.680360942770692,2.915951263877435,0.08424460492347341,2.680360942770692,2.915951263877435
Ireland,1999,-0.7230183999677311,2.8585324453631107,2.8665055250071383,0.002785337688455458,2.8585324453631107,2.8665055250071383
Ireland,2000,-0.741127443023719,2.947781869909777,2.740191941020418,-0.0730249839079884,2.947781869909777,2.740191941020418
Ireland,2001,-0.7581090564448075,2.915951263877435,2.8379090410948438,-0.027128563357914137,2.915951263877435,2.8379090410948438
Ireland,2002,-0.7851101100026606,2.8665055250071383,3.056471033506005,0.06416727094082098,2.8665055250071383,3.056471033506005
Ireland,2003,-0.8094234976861006,2.740191941020418,3.236785067930372,0.16655254879778902,2.740191941020418,3.236785067930372
Ireland,2004,-0.8274894341913284,2.8379090410948438,3.4040448095881586,0.18189678795431652,2.8379090410948438,3.4040448095881586
Ireland,2005,-0.8393747011276483,3.056471033506005,3.5984429305605508,0.16324018990566236,3.056471033506005,3.5984429305605508
Ireland,2006,-0.8319352392462925,3.236785067930372,3.807293364008307,0.16233791303958744,3.236785067930372,3.807293364008307
Ireland,2007,-0.8173974332076677,3.4040448095881586,3.521457694353186,0.03391063737775912,3.4040448095881586,3.521457694353186
Ireland,2008,-0.8008665601360587,3.5984429305605508,3.5729146105959217,-0.007119550386408102,3.5984429305605508,3.5729146105959217
Ireland,2009,-0.7887155358918329,3.807293364008307,3.413561707062029,-0.10916226816898766,3.807293364008307,3.413561707062029
Ireland,2010,-0.7791935856716714,3.521457694353186,3.3209981270112263,-0.058609626048847785,3.521457694353186,3.3209981270112263
Ireland,2011,-0.7838206562621266,3.5729146105959217,3.320603416598201,-0.07323514057045344,3.5729146105959217,3.320603416598201
Ireland,2012,-0.7983466751258932,3.413561707062029,3.346506793666813,-0.019839175563323153,3.413561707062029,3.346506793666813
Ireland,2013,-0.7941994995909897,3.3209981270112263,3.395009667547068,0.02204122361502603,3.3209981270112263,3.395009667547068
Ireland,2014,-0.7771542261176578,3.320603416598201,3.34972269168859,0.008731042791391808,3.320603416598201,3.34972269168859
Ireland,2015,-0.7650089284159982,3.346506793666813,3.6270777555364,0.08051022129354268,3.346506793666813,3.6270777555364
Ireland,2016,-0.7293034081000692,3.395009667547068,3.873004195765287,0.1317238389264226,3.395009667547068,3.873004195765287
Ireland,2017,-0.6627080505585954,3.34972269168859,3.54707052581268,0.05724447840304969,3.34972269168859,3.54707052581268
Ireland,2018,-0.5899190709023863,3.6270777555364,3.585222973035393,-0.011606626605436654,3.6270777555364,3.585222973035393
Israel,1992,-0.43310822910458624,0.7874330583752277,0.875434831129001,0.10594222327222286,0.7874330583752277,0.875434831129001
Israel,1993,-0.43968985599243016,0.7817117287967531,0.9452654321085412,0.18997950792141277,0.7817117287967531,0.9452654321085412
Israel,1994,-0.43869911113756027,0.8131335325971089,1.0522871263061675,0.2578256675123882,0.8131335325971089,1.0522871263061675
Israel,1995,-0.4471006496710758,0.875434831129001,1.149758308895633,0.27258604776973927,0.875434831129001,1.149758308895633
Israel,1996,-0.4645349252173377,0.9452654321085412,1.2459930748609065,0.27622211751208403,0.9452654321085412,1.2459930748609065
Israel,1997,-0.4742552524981609,1.0522871263061675,1.458731220869449,0.3266007554853061,1.0522871263061675,1.458731220869449
Israel,1998,-0.48815463425473415,1.149758308895633,1.5367634766475258,0.2901265932045146,1.149758308895633,1.5367634766475258
Israel,1999,-0.510223890221837,1.2459930748609065,1.5063694720620229,0.18976943148481834,1.2459930748609065,1.5063694720620229
Israel,2000,-0.5242466752779874,1.458731220869449,1.4104940750359725,-0.03362695681311151,1.458731220869449,1.4104940750359725
Israel,2001,-0.5210878755837348,1.5367634766475258,1.3478530658000514,-0.13116547022423336,1.5367634766475258,1.3478530658000514
Israel,2002,-0.5192253538105217,1.5063694720620229,1.3045180604453666,-0.14386865971908336,1.5063694720620229,1.3045180604453666
Israel,2003,-0.5157401664849792,1.4104940750359725,1.2433262809039212,-0.12614968273962798,1.4104940750359725,1.2433262809039212
Israel,2004,-0.511266252470879,1.3478530658000514,1.2252209603914963,-0.09539172709765659,1.3478530658000514,1.2252209603914963
Israel,2005,-0.5070924500355253,1.3045180604453666,1.1934477995757655,-0.08898717030672335,1.3045180604453666,1.1934477995757655
Israel,2006,-0.53059898320895,1.2433262809039212,1.1534275929625737,-0.07505218502507863,1.2433262809039212,1.1534275929625737
Israel,2007,-0.5420872084709342,1.2252209603914963,1.104516371824796,-0.10371354776009355,1.2252209603914963,1.104516371824796
Israel,2008,-0.546586559124671,1.1934477995757655,1.0353048628715136,-0.14215036374202733,1.1934477995757655,1.0353048628715136
Israel,2009,-0.5454670139990746,1.1534275929625737,1.0060225854950056,-0.13673337581622305,1.1534275929625737,1.0060225854950056
Israel,2010,-0.5680151349089978,1.104516371824796,1.045354013862228,-0.055051918072753316,1.104516371824796,1.045354013862228
Israel,2011,-0.5853110020305204,1.0353048628715136,1.0730016695622937,0.03576404884534464,1.0353048628715136,1.0730016695622937
Israel,2012,-0.6125525045676148,1.0060225854950056,1.1235395146027871,0.11047935682596205,1.0060225854950056,1.1235395146027871
Israel,2013,-0.6564271631496633,1.045354013862228,1.158467156918087,0.1027420241301431,1.045354013862228,1.158467156918087
Israel,2014,-0.7012048435069,1.0730016695622937,1.183538400646113,0.09804848946148582,1.0730016695622937,1.183538400646113
Israel,2015,-0.7279528101707123,1.1235395146027871,1.232446684526893,0.09251730634776718,1.1235395146027871,1.232446684526893
Israel,2016,-0.729006286638308,1.158467156918087,1.2784326303219549,0.09853702421910998,1.158467156918087,1.2784326303219549
Israel,2017,-0.7193332962271324,1.183538400646113,1.1899890261280686,0.0054354846338853235,1.183538400646113,1.1899890261280686
Israel,2018,-0.6811256069709265,1.232446684526893,1.15808679267699,-0.062231989069314486,1.232446684526893,1.15808679267699
United States of America,1992,-0.9573471557221784,2.24719713074585,2.907765052728164,0.2577009418989811,2.24719713074585,2.907765052728164
United States of America,1993,-0.9603654667387364,2.492597540979082,3.0558190554554727,0.2037222301245114,2.492597540979082,3.0558190554554727
United States of America,1994,-0.9723706058164936,2.7002639884669626,3.239161770592766,0.18196498020295993,2.7002639884669626,3.239161770592766
United States of America,1995,-0.9984936445068848,2.907765052728164,3.4864520020177605,0.18149978070714035,2.907765052728164,3.4864520020177605
United States of America,1996,-1.0266403696752495,3.0558190554554727,3.907146955759992,0.24575969756603522,3.0558190554554727,3.907146955759992
United States of America,1997,-1.0641573131316333,3.239161770592766,4.370532731145906,0.29957024464915527,3.239161770592766,4.370532731145906
United States of America,1998,-1.1029376927213033,3.4864520020177605,4.932158343850645,0.3468920053424178,3.4864520020177605,4.932158343850645
United States of America,1999,-1.1329044873413456,3.907146955759992,5.627374346347342,0.3648354579893198,3.907146955759992,5.627374346347342
United States of America,2000,-1.1538982219708127,4.370532731145906,6.29741728202922,0.36525461598139874,4.370532731145906,6.29741728202922
United States of America,2001,-1.1686713205551071,4.932158343850645,6.815055643834668,0.32335748381381757,4.932158343850645,6.815055643834668
United States of America,2002,-1.1639054555853219,5.627374346347342,7.49361955463177,0.28640892311839083,5.627374346347342,7.49361955463177
United States of America,2003,-1.152993435307026,6.29741728202922,8.112937605417743,0.25332039304684595,6.29741728202922,8.112937605417743
United States of America,2004,-1.1443931887294645,6.815055643834668,8.474159382850964,0.21788720173353893,6.815055643834668,8.474159382850964
United States of America,2005,-1.1346033278625276,7.49361955463177,8.783469033585979,0.1588194839270276,7.49361955463177,8.783469033585979
United States of America,2006,-1.1202809085483862,8.112937605417743,9.091279042269743,0.11385557105540434,8.112937605417743,9.091279042269743
United States of America,2007,-1.1241306430067213,8.474159382850964,9.409571161659514,0.10470590772636834,8.474159382850964,9.409571161659514
United States of America,2008,-1.1357840909053474,8.783469033585979,9.959780471564825,0.1256835809555903,8.783469033585979,9.959780471564825
United States of America,2009,-1.1522146715781505,9.091279042269743,10.413883405664697,0.13582423777443475,9.091279042269743,10.413883405664697
United States of America,2010,-1.1756509099756096,9.409571161659514,11.09716532750856,0.16496230370223408,9.409571161659514,11.09716532750856
United States of America,2011,-1.1947941194518106,9.959780471564825,12.081082752375233,0.1930857723332866,9.959780471564825,12.081082752375233
United States of America,2012,-1.2045854587823512,10.413883405664697,13.512490972777131,0.26047463412476324,10.413883405664697,13.512490972777131
United States of America,2013,-1.2053872008672397,11.09716532750856,15.390858293484047,0.3270839909091947,11.09716532750856,15.390858293484047
United States of America,2014,-1.1899545787253134,12.081082752375233,16.850977601574712,0.3327678292735894,12.081082752375233,16.850977601574712
United States of America,2015,-1.1708106106820688,13.512490972777131,17.42656327454392,0.2543811355645422,13.512490972777131,17.42656327454392
United States of America,2016,-1.171574049995532,15.390858293484047,18.20247511319868,0.1677838541780412,15.390858293484047,18.20247511319868
United States of America,2017,-1.1672307170933285,16.850977601574712,18.809564831577475,0.10995682890232628,16.850977601574712,18.809564831577475
United States of America,2018,-1.1507723158472192,17.42656327454392,19.523373185315016,0.11361669943035624,17.42656327454392,19.523373185315016
Luxembourg,1992,-0.4242018870602514,2.579661480683877,3.124784590038361,0.19170710071148778,2.579661480683877,3.124784590038361
Luxembourg,1993,-0.40404695909782284,2.7898694567832325,3.146173545968026,0.12019212147379532,2.7898694567832325,3.146173545968026
Luxembourg,1994,-0.38990740952682834,3.024045546495205,2.940947343790445,-0.027863755305843396,3.024045546495205,2.940947343790445
Luxembourg,1995,-0.3715962603011463,3.124784590038361,2.8074744983950115,-0.10707998925119622,3.124784590038361,2.8074744983950115
Luxembourg,1996,-0.34738286070661,3.146173545968026,2.7867389667924805,-0.12131484301315565,3.146173545968026,2.7867389667924805
Luxembourg,1997,-0.34156771629973925,2.940947343790445,2.884372635843383,-0.01942432949057893,2.940947343790445,2.884372635843383
Luxembourg,1998,-0.34541824995167425,2.8074744983950115,2.803040021098981,-0.0015807736075799106,2.8074744983950115,2.803040021098981
Luxembourg,1999,-0.35235279490599647,2.7867389667924805,2.7055626947309745,-0.029562161448148383,2.7867389667924805,2.7055626947309745
Luxembourg,2000,-0.35204836805069895,2.884372635843383,2.6751311065205354,-0.07530900101823479,2.884372635843383,2.6751311065205354
Luxembourg,2001,-0.3691867371449497,2.803040021098981,2.696633428950592,-0.03870041911084976,2.803040021098981,2.696633428950592
Luxembourg,2002,-0.36988703080598456,2.7055626947309745,2.721000142751155,0.005689599268408618,2.7055626947309745,2.721000142751155
Luxembourg,2003,-0.3822948998810719,2.6751311065205354,2.7195772458059597,0.016478046852695383,2.6751311065205354,2.7195772458059597
Luxembourg,2004,-0.4003016246445358,2.696633428950592,2.690795599465353,-0.0021672042720776163,2.696633428950592,2.690795599465353
Luxembourg,2005,-0.4260874483329183,2.721000142751155,2.614529617485276,-0.03991529455173992,2.721000142751155,2.614529617485276
Luxembourg,2006,-0.43507227260689285,2.7195772458059597,2.5523651512617,-0.06345598020584564,2.7195772458059597,2.5523651512617
Luxembourg,2007,-0.4507690074247684,2.690795599465353,2.42545458779208,-0.10381790540676306,2.690795599465353,2.42545458779208
Luxembourg,2008,-0.44959769149190365,2.614529617485276,2.328346503755173,-0.11592579512215417,2.614529617485276,2.328346503755173
Luxembourg,2009,-0.4532172990548772,2.5523651512617,2.296337350335031,-0.10570499866189975,2.5523651512617,2.296337350335031
Luxembourg,2010,-0.4571376488306395,2.42545458779208,2.2392172764747524,-0.07989255675698681,2.42545458779208,2.2392172764747524
Luxembourg,2011,-0.46698606288424716,2.328346503755173,2.2413970562431644,-0.038058986672994344,2.328346503755173,2.2413970562431644
Luxembourg,2012,-0.4940910883304235,2.296337350335031,2.290755285029773,-0.0024338142133133456,2.296337350335031,2.290755285029773
Luxembourg,2013,-0.5258103846706573,2.2392172764747524,2.27135856075585,0.01425175641082388,2.2392172764747524,2.27135856075585
Luxembourg,2014,-0.5335598159541433,2.2413970562431644,2.2298063582868037,-0.0051846081067991046,2.2413970562431644,2.2298063582868037
Luxembourg,2015,-0.5435322573870566,2.290755285029773,2.319011978428686,0.012259636305010368,2.290755285029773,2.319011978428686
Luxembourg,2016,-0.5565242561467674,2.27135856075585,2.294448308035979,0.01011428414154425,2.27135856075585,2.294448308035979
Luxembourg,2017,-0.5488350370159454,2.2298063582868037,2.013084117084613,-0.10224676586004022,2.2298063582868037,2.013084117084613
Luxembourg,2018,-0.5301077150015454,2.319011978428686,2.05161085517599,-0.12251589980143274,2.319011978428686,2.05161085517599
Slovenia,1992,0.4042965241434309,0.8255310595163635,0.7020404994078475,-0.16203558084451242,0.8255310595163635,0.7020404994078475
Slovenia,1993,0.424865809619064,0.8519169690364509,0.7002583930489887,-0.19603941381939968,0.8519169690364509,0.7002583930489887
Slovenia,1994,0.4325421553873407,0.7714081313134467,0.7307619838898093,-0.05412971130104316,0.7714081313134467,0.7307619838898093
Slovenia,1995,0.43698380114263413,0.7020404994078475,0.7976016924141125,0.12761807604237943,0.7020404994078475,0.7976016924141125
Slovenia,1996,0.4550238657199004,0.7002583930489887,0.8926724168856407,0.2427699715118603,0.7002583930489887,0.8926724168856407
Slovenia,1997,0.4634975979628006,0.7307619838898093,0.9615606873695938,0.2744695486722648,0.7307619838898093,0.9615606873695938
Slovenia,1998,0.45312086664878987,0.7976016924141125,1.0483656549839382,0.27337807103306944,0.7976016924141125,1.0483656549839382
Slovenia,1999,0.42290683360799863,0.8926724168856407,1.0547838682712218,0.16687130937294475,0.8926724168856407,1.0547838682712218
Slovenia,2000,0.4161968466849717,0.9615606873695938,1.0877811541941846,0.12333746104202942,0.9615606873695938,1.0877811541941846
Slovenia,2001,0.39656155666419557,1.0483656549839382,1.080079583839955,0.029802266681779627,1.0483656549839382,1.080079583839955
Slovenia,2002,0.3634610144102091,1.0547838682712218,1.0417737012535877,-0.012411127457815745,1.0547838682712218,1.0417737012535877
Slovenia,2003,0.3433984916228695,1.0877811541941846,1.083350661786586,-0.004081276358749469,1.0877811541941846,1.083350661786586
Slovenia,2004,0.3202487525016812,1.080079583839955,1.1330306984449314,0.047861306080066446,1.080079583839955,1.1330306984449314
Slovenia,2005,0.2821013059231773,1.0417737012535877,1.0675509515994135,0.02444242919427099,1.0417737012535877,1.0675509515994135
Slovenia,2006,0.2614856391738755,1.083350661786586,0.9950451500102944,-0.08502578708191057,1.083350661786586,0.9950451500102944
Slovenia,2007,0.2790051677612995,1.1330306984449314,0.9494700936132252,-0.17674715209110659,1.1330306984449314,0.9494700936132252
Slovenia,2008,0.270077823926318,1.0675509515994135,0.8888873861078993,-0.18315173282528446,1.0675509515994135,0.8888873861078993
Slovenia,2009,0.2897807162249283,0.9950451500102944,0.8986780735179806,-0.10186312889064024,0.9950451500102944,0.8986780735179806
Slovenia,2010,0.29745531543858555,0.9494700936132252,0.9021058532806712,-0.05117211032668042,0.9494700936132252,0.9021058532806712
Slovenia,2011,0.27178608774396984,0.8888873861078993,0.8400731200738913,-0.056481551569176544,0.8888873861078993,0.8400731200738913
Slovenia,2012,0.20417111136414817,0.8986780735179806,0.8962440681987945,-0.0027120999206114854,0.8986780735179806,0.8962440681987945
Slovenia,2013,0.16871711879601467,0.9021058532806712,0.912080324224088,0.010996181733515631,0.9021058532806712,0.912080324224088
Slovenia,2014,0.14618746864322238,0.8400731200738913,0.9119860279980092,0.08213564015897659,0.8400731200738913,0.9119860279980092
Slovenia,2015,0.12460014456816877,0.8962440681987945,0.9531400949621552,0.06154905697924499,0.8962440681987945,0.9531400949621552
Slovenia,2016,0.17415238300905633,0.912080324224088,1.0913297749800428,0.1794239676175411,0.912080324224088,1.0913297749800428
Slovenia,2017,0.2764214694841358,0.9119860279980092,0.9951719109864036,0.08729073565966987,0.9119860279980092,0.9951719109864036
Slovenia,2018,0.38255225970441376,0.9531400949621552,1.0372301476811057,0.08454713758756724,0.9531400949621552,1.0372301476811057
Australia,1992,-0.7429604724737545,2.7537412361526408,3.876905264596331,0.34207668133571345,2.7537412361526408,3.876905264596331
Australia,1993,-0.742331777116585,3.010286884186099,4.201548083505045,0.33341756992037297,3.010286884186099,4.201548083505045
Australia,1994,-0.7414852500734646,3.4374646940219216,4.735095866827521,0.3202677010261217,3.4374646940219216,4.735095866827521
Australia,1995,-0.739090296917169,3.876905264596331,5.332596607665812,0.3188009943997008,3.876905264596331,5.332596607665812
Australia,1996,-0.7400861264024936,4.201548083505045,5.460354507249155,0.2620606121605238,4.201548083505045,5.460354507249155
Australia,1997,-0.7511371474916592,4.735095866827521,4.95097643407578,0.04458283446899136,4.735095866827521,4.95097643407578
Australia,1998,-0.7719100373770732,5.332596607665812,4.072054200309127,-0.2696906402688375,5.332596607665812,4.072054200309127
Australia,1999,-0.7962444019665249,5.460354507249155,3.65397589391974,-0.40169776442222416,5.460354507249155,3.65397589391974
Australia,2000,-0.821897298672533,4.95097643407578,3.511168145337654,-0.34363594666165054,4.95097643407578,3.511168145337654
Australia,2001,-0.8280194787172082,4.072054200309127,3.415534527923821,-0.17581353812010891,4.072054200309127,3.415534527923821
Australia,2002,-0.8069973481938623,3.65397589391974,3.32824293473259,-0.09337131646383212,3.65397589391974,3.32824293473259
Australia,2003,-0.7798770148954499,3.511168145337654,3.2358704623903143,-0.08165079458831648,3.511168145337654,3.2358704623903143
Australia,2004,-0.7411134480681207,3.415534527923821,3.346048777407878,-0.02055381795937339,3.415534527923821,3.346048777407878
Australia,2005,-0.6939166136135289,3.32824293473259,3.540165721453593,0.06172900452358898,3.32824293473259,3.540165721453593
Australia,2006,-0.6530511852980743,3.2358704623903143,3.709660361426998,0.13664231794278558,3.2358704623903143,3.709660361426998
Australia,2007,-0.6168910174713047,3.346048777407878,3.800575014570103,0.12737215888152376,3.346048777407878,3.800575014570103
Australia,2008,-0.5588685809062752,3.540165721453593,3.8567942772493695,0.08566277709035197,3.540165721453593,3.8567942772493695
Australia,2009,-0.5205772785055848,3.709660361426998,3.871071966461265,0.042591125720016,3.709660361426998,3.871071966461265
Australia,2010,-0.5016542131978886,3.800575014570103,4.005737924459237,0.05257542596496112,3.800575014570103,4.005737924459237
Australia,2011,-0.5015027418019973,3.8567942772493695,4.26849924926334,0.10142593628137675,3.8567942772493695,4.26849924926334
Australia,2012,-0.5322296371139171,3.871071966461265,4.475551202483655,0.1450980203871195,3.871071966461265,4.475551202483655
Australia,2013,-0.5844931912956322,4.005737924459237,4.539802683409889,0.12515570558724387,4.005737924459237,4.539802683409889
Australia,2014,-0.6114715857360168,4.26849924926334,4.530375704913623,0.059542557990874156,4.26849924926334,4.530375704913623
Australia,2015,-0.6233361078293673,4.475551202483655,4.5803661876467565,0.02314942557070543,4.475551202483655,4.5803661876467565
Australia,2016,-0.6192004708423724,4.539802683409889,4.939386157005367,0.08435749663908432,4.539802683409889,4.939386157005367
Australia,2017,-0.5954756158585567,4.530375704913623,4.692067519244762,0.03506844024909994,4.530375704913623,4.692067519244762
Australia,2018,-0.5522586881941534,4.5803661876467565,4.912345288809938,0.06997252000839449,4.5803661876467565,4.912345288809938
Slovakia,1992,1.1536766327222656,0.4995355020909459,0.4922613507707682,-0.014668865029862088,0.4995355020909459,0.4922613507707682
Slovakia,1993,1.044392647034752,0.4965448669903611,0.4923754155016233,-0.008432363732072345,0.4965448669903611,0.4923754155016233
Slovakia,1994,0.930849158276072,0.4848129675845765,0.512618629046969,0.05576886094006783,0.4848129675845765,0.512618629046969
Slovakia,1995,0.7285035486771849,0.4922613507707682,0.530787346335335,0.0753515396621004,0.4922613507707682,0.530787346335335
Slovakia,1996,0.5582659639675567,0.4923754155016233,0.5666505924639839,0.14050114335665986,0.4923754155016233,0.5666505924639839
Slovakia,1997,0.4451085097302841,0.512618629046969,0.5742861818013718,0.11359548162557731,0.512618629046969,0.5742861818013718
Slovakia,1998,0.3751666471876354,0.530787346335335,0.5839880088493352,0.09551881487766822,0.530787346335335,0.5839880088493352
Slovakia,1999,0.3773749261461599,0.5666505924639839,0.5770398184330459,0.018168367036018207,0.5666505924639839,0.5770398184330459
Slovakia,2000,0.4227397269194227,0.5742861818013718,0.5782790727310335,0.006928718281532853,0.5742861818013718,0.5782790727310335
Slovakia,2001,0.4779163053764322,0.5839880088493352,0.5748056773521171,-0.015848391223331704,0.5839880088493352,0.5748056773521171
Slovakia,2002,0.5092348585317585,0.5770398184330459,0.5699392696694334,-0.01238144124013374,0.5770398184330459,0.5699392696694334
Slovakia,2003,0.5155517287100824,0.5782790727310335,0.5472423390198627,-0.0551647416142832,0.5782790727310335,0.5472423390198627
Slovakia,2004,0.4836875044824591,0.5748056773521171,0.5542788883927712,-0.036363998089150695,0.5748056773521171,0.5542788883927712
Slovakia,2005,0.42643939322501767,0.5699392696694334,0.5549636965364697,-0.026627063405065154,0.5699392696694334,0.5549636965364697
Slovakia,2006,0.3660710573718494,0.5472423390198627,0.5518422735546173,0.008370516645683668,0.5472423390198627,0.5518422735546173
Slovakia,2007,0.32435509989466244,0.5542788883927712,0.5366495351934275,-0.03232266266232875,0.5542788883927712,0.5366495351934275
Slovakia,2008,0.3174208024920445,0.5549636965364697,0.5376101168135399,-0.031769034287288944,0.5549636965364697,0.5376101168135399
Slovakia,2009,0.35044752269481005,0.5518422735546173,0.5284452415357022,-0.04332300005490519,0.5518422735546173,0.5284452415357022
Slovakia,2010,0.42626682393856014,0.5366495351934275,0.5269335671173986,-0.01827073044765759,0.5366495351934275,0.5269335671173986
Slovakia,2011,0.506867374809881,0.5376101168135399,0.5302452695190727,-0.013793909496420675,0.5376101168135399,0.5302452695190727
Slovakia,2012,0.610344356499218,0.5284452415357022,0.5453701770433482,0.03152554045504474,0.5284452415357022,0.5453701770433482
Slovakia,2013,0.7454654831961646,0.5269335671173986,0.5405100379416896,0.0254386788293135,0.5269335671173986,0.5405100379416896
Slovakia,2014,0.850893122835879,0.5302452695190727,0.552695136755299,0.041466810951585886,0.5302452695190727,0.552695136755299
Slovakia,2015,0.8888265123479396,0.5453701770433482,0.57116036802445,0.04620515408465842,0.5453701770433482,0.57116036802445
Slovakia,2016,0.9477117094489622,0.5405100379416896,0.559952420180853,0.03533854342671827,0.5405100379416896,0.559952420180853
Slovakia,2017,1.0185809288138998,0.552695136755299,0.5292055901356774,-0.04342948386839429,0.552695136755299,0.5292055901356774
Slovakia,2018,1.1050204555748568,0.57116036802445,0.5301093791143151,-0.07458652838535518,0.57116036802445,0.5301093791143151
Italy,1992,-0.8401583308726603,1.9139038766223948,1.8938942386835196,-0.010509912032359514,1.9139038766223948,1.8938942386835196
Italy,1993,-0.8360599407400002,1.7881298840106392,1.897628564900668,0.05943463443366381,1.7881298840106392,1.897628564900668
Italy,1994,-0.8369457195314519,1.7978460969493624,1.7695637162067566,-0.015856298509762,1.7978460969493624,1.7695637162067566
Italy,1995,-0.8308957329144449,1.8938942386835196,1.65610994118555,-0.13416363384035823,1.8938942386835196,1.65610994118555
Italy,1996,-0.8382252751545566,1.897628564900668,1.4969538062959085,-0.23717259438744298,1.897628564900668,1.4969538062959085
Italy,1997,-0.8521289812135086,1.7695637162067566,1.3544051805160786,-0.2673704781811773,1.7695637162067566,1.3544051805160786
Italy,1998,-0.8727713600584063,1.65610994118555,1.1946367264452449,-0.3266290655531838,1.65610994118555,1.1946367264452449
Italy,1999,-0.8941934472683771,1.4969538062959085,1.0631732702662195,-0.34217388761893763,1.4969538062959085,1.0631732702662195
Italy,2000,-0.9221080483680802,1.3544051805160786,0.9907899939951796,-0.3126147861511535,1.3544051805160786,0.9907899939951796
Italy,2001,-0.9318371569387409,1.1946367264452449,0.9621403507160076,-0.21643688652943802,1.1946367264452449,0.9621403507160076
Italy,2002,-0.9345376438456559,1.0631732702662195,0.9369944100139204,-0.1263359232011999,1.0631732702662195,0.9369944100139204
Italy,2003,-0.9199226616586996,0.9907899939951796,0.9048997446792666,-0.09067834464678265,0.9907899939951796,0.9048997446792666
Italy,2004,-0.8947169497182862,0.9621403507160076,0.8763888599673063,-0.09335033653041672,0.9621403507160076,0.8763888599673063
Italy,2005,-0.8681968363872035,0.9369944100139204,0.8176652359771753,-0.136224154768358,0.9369944100139204,0.8176652359771753
Italy,2006,-0.8520743142120116,0.9048997446792666,0.7575943612602488,-0.17767584438511425,0.9048997446792666,0.7575943612602488
Italy,2007,-0.8353170121538466,0.8763888599673063,0.70413327157106,-0.21884197292227708,0.8763888599673063,0.70413327157106
Italy,2008,-0.8268752445877684,0.8176652359771753,0.6785224881274179,-0.18653513245810296,0.8176652359771753,0.6785224881274179
Italy,2009,-0.8335453417059069,0.7575943612602488,0.6779977203128345,-0.11100401841816837,0.7575943612602488,0.6779977203128345
Italy,2010,-0.8535605090327186,0.70413327157106,0.6730827812747243,-0.04509925347480198,0.70413327157106,0.6730827812747243
Italy,2011,-0.8735697433493539,0.6785224881274179,0.6465547427956301,-0.04825967948555154,0.6785224881274179,0.6465547427956301
Italy,2012,-0.8936767249546239,0.6779977203128345,0.6477120104023976,-0.04569768742623642,0.6779977203128345,0.6477120104023976
Italy,2013,-0.912015765779624,0.6730827812747243,0.6325716716515856,-0.0620747012671774,0.6730827812747243,0.6325716716515856
Italy,2014,-0.9189549019463825,0.6465547427956301,0.644085963080827,-0.003825664089045666,0.6465547427956301,0.644085963080827
Italy,2015,-0.9031053992123044,0.6477120104023976,0.6519986720950962,0.006596345936713988,0.6477120104023976,0.6519986720950962
Italy,2016,-0.8854183434485003,0.6325716716515856,0.6282247407532067,-0.006895548217379588,0.6325716716515856,0.6282247407532067
Italy,2017,-0.8760668286830605,0.644085963080827,0.5436399718825431,-0.16954470201022992,0.644085963080827,0.5436399718825431
Italy,2018,-0.8539460660770971,0.6519986720950962,0.5919777103596655,-0.09657338699784052,0.6519986720950962,0.5919777103596655
Poland,1992,-0.7499700334441428,0.6503035164733048,0.6306005505563823,-0.030766534099199327,0.6503035164733048,0.6306005505563823
Poland,1993,-0.7613155835325497,0.6291016898637819,0.5980129368054538,-0.05068044292628704,0.6291016898637819,0.5980129368054538
Poland,1994,-0.7588969771266778,0.6270744166687179,0.595880951546867,-0.051024235595005296,0.6270744166687179,0.595880951546867
Poland,1995,-0.7679561251177538,0.6306005505563823,0.5707904222370698,-0.09965034809251327,0.6306005505563823,0.5707904222370698
Poland,1996,-0.7535581393995484,0.5980129368054538,0.5668379299947293,-0.053538870086100254,0.5980129368054538,0.5668379299947293
Poland,1997,-0.733501921134851,0.595880951546867,0.537728338710862,-0.10268723390035117,0.595880951546867,0.537728338710862
Poland,1998,-0.7188914620260297,0.5707904222370698,0.5161123899536258,-0.10069736856160383,0.5707904222370698,0.5161123899536258
Poland,1999,-0.7203195338751615,0.5668379299947293,0.504869000419925,-0.11577421806285637,0.5668379299947293,0.504869000419925
Poland,2000,-0.7210794008270915,0.537728338710862,0.4952310251877125,-0.08232895517416072,0.537728338710862,0.4952310251877125
Poland,2001,-0.7358984817067913,0.5161123899536258,0.4829551056905606,-0.06640071827723637,0.5161123899536258,0.4829551056905606
Poland,2002,-0.753211961522279,0.504869000419925,0.4544888492760502,-0.10512539168278268,0.504869000419925,0.4544888492760502
Poland,2003,-0.7753086375354933,0.4952310251877125,0.4163692606598291,-0.17345147643343695,0.4952310251877125,0.4163692606598291
Poland,2004,-0.7964871626586985,0.4829551056905606,0.4004581189538566,-0.1873140847585978,0.4829551056905606,0.4004581189538566
Poland,2005,-0.8113741240132014,0.4544888492760502,0.3996443110392049,-0.12859814820693038,0.4544888492760502,0.3996443110392049
Poland,2006,-0.822579586288293,0.4163692606598291,0.4030498593579901,-0.032512158200220576,0.4163692606598291,0.4030498593579901
Poland,2007,-0.8218528991139383,0.4004581189538566,0.4051091159430219,0.011547235091335817,0.4004581189538566,0.4051091159430219
Poland,2008,-0.8049575133468386,0.3996443110392049,0.4094603605544435,0.0242651098856298,0.3996443110392049,0.4094603605544435
Poland,2009,-0.7809126646815816,0.4030498593579901,0.4109046775062688,0.01930093717486847,0.4030498593579901,0.4109046775062688
Poland,2010,-0.76052368111307,0.4051091159430219,0.4181298202406993,0.03163542927562857,0.4051091159430219,0.4181298202406993
Poland,2011,-0.7458334430686849,0.4094603605544435,0.4312913549503551,0.05194363667973112,0.4094603605544435,0.4312913549503551
Poland,2012,-0.7378114223035982,0.4109046775062688,0.4566806388847551,0.10562282245600862,0.4109046775062688,0.4566806388847551
Poland,2013,-0.7444021526221771,0.4181298202406993,0.4656509389239587,0.10764409222363691,0.4181298202406993,0.4656509389239587
Poland,2014,-0.7587928187638351,0.4312913549503551,0.5126411285551952,0.1727918186750167,0.4312913549503551,0.5126411285551952
Poland,2015,-0.7740916687843876,0.4566806388847551,0.6165598941131196,0.30017057613705117,0.4566806388847551,0.6165598941131196
Poland,2016,-0.79411863137097,0.4656509389239587,0.7112547719988459,0.4235936578285477,0.4656509389239587,0.7112547719988459
Poland,2017,-0.8133102429664868,0.5126411285551952,0.7098936294978825,0.3255385532882154,0.5126411285551952,0.7098936294978825
Poland,2018,-0.8234862492113619,0.6165598941131196,0.7316458496806796,0.171140860122783,0.6165598941131196,0.7316458496806796
Brazil,1992,-1.017623859070429,0.0967769013366369,0.1245949348715357,0.25265730414898435,0.0967769013366369,0.1245949348715357
Brazil,1993,-1.0305258860799504,0.1028519349456887,0.1344524261572534,0.26791771328377667,0.1028519349456887,0.1344524261572534
Brazil,1994,-1.0391848982869993,0.1115193523807736,0.1363425795952119,0.20097091369960007,0.1115193523807736,0.1363425795952119
Brazil,1995,-1.0512755988118103,0.1245949348715357,0.1358246963535052,0.08629643887580318,0.1245949348715357,0.1358246963535052
Brazil,1996,-1.0800237310173109,0.1344524261572534,0.1321339529993667,-0.017394093623281037,0.1344524261572534,0.1321339529993667
Brazil,1997,-1.098550420973278,0.1363425795952119,0.1308982041618436,-0.04075042734980605,0.1363425795952119,0.1308982041618436
Brazil,1998,-1.1069407946123753,0.1358246963535052,0.1317166102692414,-0.03071210442926109,0.1358246963535052,0.1317166102692414
Brazil,1999,-1.1092901626214473,0.1321339529993667,0.1333193421467611,0.008931048265402364,0.1321339529993667,0.1333193421467611
Brazil,2000,-1.1010159068176784,0.1308982041618436,0.1401557859286524,0.06833410232411663,0.1308982041618436,0.1401557859286524
Brazil,2001,-1.0823589605055624,0.1317166102692414,0.1485757709214573,0.12044148572023428,0.1317166102692414,0.1485757709214573
Brazil,2002,-1.0723521496556099,0.1333193421467611,0.1585061338875721,0.17304478126528,0.1333193421467611,0.1585061338875721
Brazil,2003,-1.069089925180225,0.1401557859286524,0.1765175638149959,0.23066435278463238,0.1401557859286524,0.1765175638149959
Brazil,2004,-1.0699981351354193,0.1485757709214573,0.1953556153792243,0.2737248846085729,0.1485757709214573,0.1953556153792243
Brazil,2005,-1.0837205253395015,0.1585061338875721,0.2206163723093573,0.33063025292896486,0.1585061338875721,0.2206163723093573
Brazil,2006,-1.098967604777996,0.1765175638149959,0.2556302787507911,0.37031004058103223,0.1765175638149959,0.2556302787507911
Brazil,2007,-1.1085281331794343,0.1953556153792243,0.3073750260571002,0.4532451534914117,0.1953556153792243,0.3073750260571002
Brazil,2008,-1.1126122034233448,0.2206163723093573,0.3641942540110314,0.5012602819495717,0.2206163723093573,0.3641942540110314
Brazil,2009,-1.1118713953240265,0.2556302787507911,0.4186186506968755,0.4932266639173948,0.2556302787507911,0.4186186506968755
Brazil,2010,-1.1094194293569921,0.3073750260571002,0.4734048660647295,0.4318812496935446,0.3073750260571002,0.4734048660647295
Brazil,2011,-1.1031635916800016,0.3641942540110314,0.5117101321265417,0.340070134818828,0.3641942540110314,0.5117101321265417
Brazil,2012,-1.0995494854718417,0.4186186506968755,0.5228951266038502,0.2224200808760165,0.4186186506968755,0.5228951266038502
Brazil,2013,-1.0934224339484324,0.4734048660647295,0.5532824126304764,0.1559172821225352,0.4734048660647295,0.5532824126304764
Brazil,2014,-1.0804223914989004,0.5117101321265417,0.568808575264349,0.10578544174080362,0.5117101321265417,0.568808575264349
Brazil,2015,-1.0649711660411156,0.5228951266038502,0.5741826849226713,0.09356652006471466,0.5228951266038502,0.5741826849226713
Brazil,2016,-1.0537459413808707,0.5532824126304764,0.5807036146954687,0.048371848652099536,0.5532824126304764,0.5807036146954687
Brazil,2017,-1.0364857512088612,0.568808575264349,0.5965963512567303,0.047696719843165036,0.568808575264349,0.5965963512567303
Brazil,2018,-1.0169084059644995,0.5741826849226713,0.5874313613846148,0.022811756128469973,0.5741826849226713,0.5874313613846148
Malta,1992,0.05361387174409971,0.8607259568203662,1.0733482152964795,0.2207618158087423,0.8607259568203662,1.0733482152964795
Malta,1993,0.08885471683889329,0.8980994257684769,1.1105231084210978,0.21230545786435126,0.8980994257684769,1.1105231084210978
Malta,1994,0.12755443875897438,0.9844798508485776,1.150403527777896,0.15575447553449373,0.9844798508485776,1.150403527777896
Malta,1995,0.18044974896178032,1.0733482152964795,1.1621458637735365,0.07948517159413879,1.0733482152964795,1.1621458637735365
Malta,1996,0.22578767870548583,1.1105231084210978,1.1489325684969154,0.03400210675934298,1.1105231084210978,1.1489325684969154
Malta,1997,0.25806751940328526,1.150403527777896,1.1787674356693534,0.024356551053558856,1.150403527777896,1.1787674356693534
Malta,1998,0.2579252528894175,1.1621458637735365,1.2107608190843229,0.04098072480819645,1.1621458637735365,1.2107608190843229
Malta,1999,0.2410666171855332,1.1489325684969154,1.2032375638573864,0.04618254438283001,1.1489325684969154,1.2032375638573864
Malta,2000,0.2205113947062024,1.1787674356693534,1.206844029157184,0.02353934560514062,1.1787674356693534,1.206844029157184
Malta,2001,0.20184031287733814,1.2107608190843229,1.2395099967437546,0.023467180331733145,1.2107608190843229,1.2395099967437546
Malta,2002,0.17215788405869042,1.2032375638573864,1.2797168675830877,0.06162291290755384,1.2032375638573864,1.2797168675830877
Malta,2003,0.13604973717473182,1.206844029157184,1.3498667655642207,0.1119970957540869,1.206844029157184,1.3498667655642207
Malta,2004,0.08714046232500851,1.2395099967437546,1.466987065110949,0.16849441917951483,1.2395099967437546,1.466987065110949
Malta,2005,0.050041029784528936,1.2797168675830877,1.535311028509963,0.1820939985980224,1.2797168675830877,1.535311028509963
Malta,2006,0.018352582303297844,1.3498667655642207,1.5483409139824875,0.1371779892251348,1.3498667655642207,1.5483409139824875
Malta,2007,-0.006557428946832006,1.466987065110949,1.5251105373088931,0.03885618305138694,1.466987065110949,1.5251105373088931
Malta,2008,-0.01073774428066702,1.535311028509963,1.464227027674443,-0.047405476265124924,1.535311028509963,1.464227027674443
Malta,2009,-0.0024752380663075994,1.5483409139824875,1.4493263038808046,-0.06608510501764597,1.5483409139824875,1.4493263038808046
Malta,2010,0.01029505735807308,1.5251105373088931,1.4327879962119576,-0.06244465478797395,1.5251105373088931,1.4327879962119576
Malta,2011,0.004981871823721049,1.464227027674443,1.494924707941796,0.020748351904915585,1.464227027674443,1.494924707941796
Malta,2012,0.005081273947620539,1.4493263038808046,1.5367061572652383,0.058542397197247686,1.4493263038808046,1.5367061572652383
Malta,2013,0.014399154201074295,1.4327879962119576,1.599771642619553,0.11023862897022224,1.4327879962119576,1.599771642619553
Malta,2014,0.040135031954948046,1.494924707941796,1.6797938830735577,0.11659518062910368,1.494924707941796,1.6797938830735577
Malta,2015,0.07926986674046653,1.5367061572652383,1.7461421883057262,0.1277675457701234,1.5367061572652383,1.7461421883057262
Malta,2016,0.15126372032676066,1.599771642619553,1.7574815251907048,0.0940208808747372,1.599771642619553,1.7574815251907048
Malta,2017,0.2203002586144578,1.6797938830735577,1.7532990721261392,0.0428280750787442,1.6797938830735577,1.7532990721261392
Malta,2018,0.27945018889231427,1.7461421883057262,1.5322155858038562,-0.13069402752217407,1.7461421883057262,1.5322155858038562
Serbia,1992,1.9077228767345573,0.6503385669704957,0.6715833611721685,0.032145001801823,0.6503385669704957,0.6715833611721685
Serbia,1993,1.9575470582577073,0.6531277133968766,0.6767273546946871,0.03549572306516796,0.6531277133968766,0.6767273546946871
Serbia,1994,1.848067218794728,0.659263597937163,0.6764002865255724,0.025661550803867228,0.659263597937163,0.6764002865255724
Serbia,1995,1.7699398235823856,0.6715833611721685,0.616267343834089,-0.08595714722176079,0.6715833611721685,0.616267343834089
Serbia,1996,1.487054784596644,0.6767273546946871,0.6907740940608627,0.020544348074152174,0.6767273546946871,0.6907740940608627
Serbia,1997,1.1337945722106235,0.6764002865255724,0.7326065593072064,0.07982364971463496,0.6764002865255724,0.7326065593072064
Serbia,1998,0.7553930091323897,0.616267343834089,0.7521784381561287,0.19929241827062344,0.616267343834089,0.7521784381561287
Serbia,1999,0.4683795405394861,0.6907740940608627,0.7565546583241861,0.09096181212419063,0.6907740940608627,0.7565546583241861
Serbia,2000,0.2610332428644269,0.7326065593072064,0.8074460452470705,0.09726730554890553,0.7326065593072064,0.8074460452470705
Serbia,2001,0.11176016894322802,0.7521784381561287,0.8783573644919681,0.15507976031887674,0.7521784381561287,0.8783573644919681
Serbia,2002,0.0021122024800054274,0.7565546583241861,0.9450184713509006,0.22242942790134013,0.7565546583241861,0.9450184713509006
Serbia,2003,-0.06007003287094598,0.8074460452470705,0.9611686204692954,0.17427342322061162,0.8074460452470705,0.9611686204692954
Serbia,2004,-0.06218248349376843,0.8783573644919681,0.9871770524728368,0.1167957504318606,0.8783573644919681,0.9871770524728368
Serbia,2005,-0.079544193446046,0.9450184713509006,1.0070387090631912,0.06356479308746961,0.9450184713509006,1.0070387090631912
Serbia,2006,-0.07051189237721124,0.9611686204692954,0.9777770861281312,0.017131840962693334,0.9611686204692954,0.9777770861281312
Serbia,2007,-0.04338271889311749,0.9871770524728368,0.9207587200818016,-0.0696513088362153,0.9871770524728368,0.9207587200818016
Serbia,2008,-0.02218510819126458,1.0070387090631912,0.8650428809288184,-0.15199008993040308,1.0070387090631912,0.8650428809288184
Serbia,2009,0.0005351883199527221,0.9777770861281312,0.8456242961429975,-0.1452063893572959,0.9777770861281312,0.8456242961429975
Serbia,2010,0.03927596156570654,0.9207587200818016,0.8217993085687485,-0.11370168004138527,0.9207587200818016,0.8217993085687485
Serbia,2011,0.05452009337072131,0.8650428809288184,0.798021148653737,-0.08064388277284054,0.8650428809288184,0.798021148653737
Serbia,2012,0.05082909639162408,0.8456242961429975,0.7811878770979203,-0.07925938845579797,0.8456242961429975,0.7811878770979203
Serbia,2013,0.050674915037404185,0.8217993085687485,0.7569542805795236,-0.0821932547675612,0.8217993085687485,0.7569542805795236
Serbia,2014,0.04261965533363808,0.798021148653737,0.7572673941367035,-0.05241861195204012,0.798021148653737,0.7572673941367035
Serbia,2015,0.03847312267838096,0.7811878770979203,0.7767058621843427,-0.005753950237380678,0.7811878770979203,0.7767058621843427
Serbia,2016,0.09837863161884176,0.7569542805795236,0.8107798599567947,0.06869363077036511,0.7569542805795236,0.8107798599567947
Serbia,2017,0.21269874551731674,0.7572673941367035,0.7719358714122023,0.019185033581294364,0.7572673941367035,0.7719358714122023
Serbia,2018,0.3883710736004744,0.7767058621843427,0.7582303025623409,-0.024074522844702073,0.7767058621843427,0.7582303025623409
New Zealand,1992,-0.289302014387002,0.8166199190332437,1.0189879919830342,0.22139123460862323,0.8166199190332437,1.0189879919830342
New Zealand,1993,-0.29517420724444776,0.8560036468113823,1.0952269691503278,0.24644200694174911,0.8560036468113823,1.0952269691503278
New Zealand,1994,-0.3030609947409965,0.8971437964113778,1.1047003286683563,0.20811301460921056,0.8971437964113778,1.1047003286683563
New Zealand,1995,-0.32699206699271716,1.0189879919830342,1.0616798695961454,0.04104242680428974,1.0189879919830342,1.0616798695961454
New Zealand,1996,-0.34872380794908114,1.0952269691503278,1.0338082944082143,-0.05771220833684669,1.0952269691503278,1.0338082944082143
New Zealand,1997,-0.3606343320319472,1.1047003286683563,1.039167489964922,-0.061154143156991206,1.1047003286683563,1.039167489964922
New Zealand,1998,-0.36446054614991436,1.0616798695961454,1.1123493619287763,0.04662184165797443,1.0616798695961454,1.1123493619287763
New Zealand,1999,-0.3535595701626866,1.0338082944082143,1.1529529558044689,0.10907698196720486,1.0338082944082143,1.1529529558044689
New Zealand,2000,-0.3334335277346086,1.039167489964922,1.1407297962018164,0.09324824184219413,1.039167489964922,1.1407297962018164
New Zealand,2001,-0.3173544500699617,1.1123493619287763,1.165298983601096,0.04650333064433171,1.1123493619287763,1.165298983601096
New Zealand,2002,-0.32332575461915564,1.1529529558044689,1.2059415510860063,0.044934155020001726,1.1529529558044689,1.2059415510860063
New Zealand,2003,-0.3372230104661233,1.1407297962018164,1.2028355505100556,0.05301345320201373,1.1407297962018164,1.2028355505100556
New Zealand,2004,-0.37461055479525507,1.165298983601096,1.3115060902658584,0.11819837601213606,1.165298983601096,1.3115060902658584
New Zealand,2005,-0.40882259422909956,1.2059415510860063,1.3791888505129324,0.1342348006784231,1.2059415510860063,1.3791888505129324
New Zealand,2006,-0.44343621356439233,1.2028355505100556,1.4160356298361485,0.16317930394137292,1.2028355505100556,1.4160356298361485
New Zealand,2007,-0.4601926352908893,1.3115060902658584,1.4117481203444584,0.07365251993825433,1.3115060902658584,1.4117481203444584
New Zealand,2008,-0.46831460544281434,1.3791888505129324,1.453042754897384,0.052164235688903104,1.3791888505129324,1.453042754897384
New Zealand,2009,-0.47035101769558624,1.4160356298361485,1.444912269530685,0.020187435211730054,1.4160356298361485,1.444912269530685
New Zealand,2010,-0.4922981545527718,1.4117481203444584,1.429300812394524,0.012356635486817868,1.4117481203444584,1.429300812394524
New Zealand,2011,-0.49915382686441345,1.453042754897384,1.4440133764484837,-0.006233501211947379,1.453042754897384,1.4440133764484837
New Zealand,2012,-0.5183667009534569,1.444912269530685,1.4666370485392766,0.014923441029126183,1.444912269530685,1.4666370485392766
New Zealand,2013,-0.531263129585183,1.429300812394524,1.5792797260621525,0.09978342475608026,1.429300812394524,1.5792797260621525
New Zealand,2014,-0.5313145063238695,1.4440133764484837,1.8130952793502253,0.22760903894421597,1.4440133764484837,1.8130952793502253
New Zealand,2015,-0.5052206130229454,1.4666370485392766,1.8459649935799969,0.23002997452551782,1.4666370485392766,1.8459649935799969
New Zealand,2016,-0.48621624706157884,1.5792797260621525,1.9032536720448876,0.18659589925553277,1.5792797260621525,1.9032536720448876
New Zealand,2017,-0.4515459268852768,1.8130952793502253,1.796777923808409,-0.009040460269690298,1.8130952793502253,1.796777923808409
New Zealand,2018,-0.4299499684772173,1.8459649935799969,1.8675610302924532,0.011631138926919027,1.8459649935799969,1.8675610302924532
Romania,1992,1.5165429482706159,0.9287378478591242,1.014483350259639,0.08830814481325043,0.9287378478591242,1.014483350259639
Romania,1993,1.3576792986754027,0.9379440552886668,1.0490509793023994,0.1119507876186572,0.9379440552886668,1.0490509793023994
Romania,1994,1.2118636432106475,0.9637057937560805,1.0494039588294486,0.08519148414530131,0.9637057937560805,1.0494039588294486
Romania,1995,0.9415073073291723,1.014483350259639,1.007703335308788,-0.006705645625342025,1.014483350259639,1.007703335308788
Romania,1996,0.7100161266650005,1.0490509793023994,0.9780073351087978,-0.07012396585326695,1.0490509793023994,0.9780073351087978
Romania,1997,0.5175540635194198,1.0494039588294486,0.9281428738655242,-0.12279181937407799,1.0494039588294486,0.9281428738655242
Romania,1998,0.3578780529893237,1.007703335308788,0.9229010137692212,-0.08790701918839869,1.007703335308788,0.9229010137692212
Romania,1999,0.24792886062674982,0.9780073351087978,0.9115274468926752,-0.07039539009448713,0.9780073351087978,0.9115274468926752
Romania,2000,0.1614868446564634,0.9281428738655242,0.8992452096920186,-0.0316298896612411,0.9281428738655242,0.8992452096920186
Romania,2001,0.06781105904419125,0.9229010137692212,0.8669300025007818,-0.06256367654763366,0.9229010137692212,0.8669300025007818
Romania,2002,-0.0033671139012131693,0.9115274468926752,0.8330633779118711,-0.09001187892158045,0.9115274468926752,0.8330633779118711
Romania,2003,-0.046075908078244215,0.8992452096920186,0.7925318273829774,-0.12632294014225004,0.8992452096920186,0.7925318273829774
Romania,2004,-0.08398801411269524,0.8669300025007818,0.7743825938881093,-0.11289204156347829,0.8669300025007818,0.7743825938881093
Romania,2005,-0.10099116051577883,0.8330633779118711,0.8064177742136928,-0.03250774502747536,0.8330633779118711,0.8064177742136928
Romania,2006,-0.09990596583824451,0.7925318273829774,0.8248214546803905,0.03993422926762277,0.7925318273829774,0.8248214546803905
Romania,2007,-0.08626433971987528,0.7743825938881093,0.8137535073668101,0.04959138235469299,0.7743825938881093,0.8137535073668101
Romania,2008,-0.059746351810118656,0.8064177742136928,0.7512921630914481,-0.0708072393319358,0.8064177742136928,0.7512921630914481
Romania,2009,-0.047505532841566056,0.8248214546803905,0.7592866702421469,-0.08278743896103916,0.8248214546803905,0.7592866702421469
Romania,2010,-0.04654006766265837,0.8137535073668101,0.7320212146494437,-0.10584787113169383,0.8137535073668101,0.7320212146494437
Romania,2011,-0.0502938425967968,0.7512921630914481,0.7477197112406331,-0.0047664116729453365,0.7512921630914481,0.7477197112406331
Romania,2012,-0.08669320882814888,0.7592866702421469,0.7357622933133009,-0.03147226311092394,0.7592866702421469,0.7357622933133009
Romania,2013,-0.12878576891092527,0.7320212146494437,0.71731559687852,-0.020293560530247723,0.7320212146494437,0.71731559687852
Romania,2014,-0.1712089680013886,0.7477197112406331,0.7258036899614151,-0.029748571016061598,0.7477197112406331,0.7258036899614151
Romania,2015,-0.20692972847871421,0.7357622933133009,0.7518010726687415,0.021564633413463485,0.7357622933133009,0.7518010726687415
Romania,2016,-0.224506010164434,0.71731559687852,0.7900922907133693,0.09663372714731397,0.71731559687852,0.7900922907133693
Romania,2017,-0.18957033645857357,0.7258036899614151,0.7834131249748009,0.07638049487726581,0.7258036899614151,0.7834131249748009
Romania,2018,-0.14108880067291354,0.7518010726687415,0.8319725755968858,0.10132759214900972,0.7518010726687415,0.8319725755968858
Uruguay,1992,-0.5867711404152935,0.0971096969765971,0.1084866381894386,0.11078469898450738,0.0971096969765971,0.1084866381894386
Uruguay,1993,-0.5776658069170711,0.0953643461308809,0.1228863750034243,0.2535530211701773,0.0953643461308809,0.1228863750034243
Uruguay,1994,-0.5676599461248353,0.1007043115448896,0.1703080325303834,0.5254160806368751,0.1007043115448896,0.1703080325303834
Uruguay,1995,-0.541076319720478,0.1084866381894386,0.1875213966004449,0.5472620540610833,0.1084866381894386,0.1875213966004449
Uruguay,1996,-0.5263602967685744,0.1228863750034243,0.1928571238968056,0.4506865237066784,0.1228863750034243,0.1928571238968056
Uruguay,1997,-0.5220409088024646,0.1703080325303834,0.1886169413996461,0.10210886985162904,0.1703080325303834,0.1886169413996461
Uruguay,1998,-0.5194586922760595,0.1875213966004449,0.2004755085806699,0.06679878888341606,0.1875213966004449,0.2004755085806699
Uruguay,1999,-0.5283714903478173,0.1928571238968056,0.2145613781060136,0.1066456938763991,0.1928571238968056,0.2145613781060136
Uruguay,2000,-0.5428073569793869,0.1886169413996461,0.2153657409199394,0.13261885162471354,0.1886169413996461,0.2153657409199394
Uruguay,2001,-0.5699651797907713,0.2004755085806699,0.2202360131237908,0.09400722313098364,0.2004755085806699,0.2202360131237908
Uruguay,2002,-0.5916262057168435,0.2145613781060136,0.2260539324533113,0.05217753057678576,0.2145613781060136,0.2260539324533113
Uruguay,2003,-0.6188356701560115,0.2153657409199394,0.2370301845784935,0.09584936630712937,0.2153657409199394,0.2370301845784935
Uruguay,2004,-0.628173043168912,0.2202360131237908,0.2605307220959734,0.1680203288333173,0.2202360131237908,0.2605307220959734
Uruguay,2005,-0.6469997159490815,0.2260539324533113,0.2576650869225111,0.13088647624972904,0.2260539324533113,0.2576650869225111
Uruguay,2006,-0.656118098908458,0.2370301845784935,0.265420454167623,0.11312724275664943,0.2370301845784935,0.265420454167623
Uruguay,2007,-0.6646863294003238,0.2605307220959734,0.2746446681215425,0.05275715964455219,0.2605307220959734,0.2746446681215425
Uruguay,2008,-0.6654974182352906,0.2576650869225111,0.2859123155821075,0.10402416256836022,0.2576650869225111,0.2859123155821075
Uruguay,2009,-0.6760893019251841,0.265420454167623,0.2854939738162336,0.07290546835848155,0.265420454167623,0.2854939738162336
Uruguay,2010,-0.668497091239219,0.2746446681215425,0.281845775528619,0.025881786776123406,0.2746446681215425,0.281845775528619
Uruguay,2011,-0.6521791960916626,0.2859123155821075,0.2803572624224042,-0.019620378560748053,0.2859123155821075,0.2803572624224042
Uruguay,2012,-0.6383867220945293,0.2854939738162336,0.2875197554995754,0.007070626579334105,0.2854939738162336,0.2875197554995754
Uruguay,2013,-0.6133832229466306,0.281845775528619,0.2984771530524572,0.057333166969051774,0.281845775528619,0.2984771530524572
Uruguay,2014,-0.5895195916621194,0.2803572624224042,0.3196626939491238,0.13120119279578635,0.2803572624224042,0.3196626939491238
Uruguay,2015,-0.5726150510582532,0.2875197554995754,0.3412230272527943,0.17124418231447325,0.2875197554995754,0.3412230272527943
Uruguay,2016,-0.5691083277514277,0.2984771530524572,0.3523331058332607,0.1658831486753276,0.2984771530524572,0.3523331058332607
Uruguay,2017,-0.5396291527488661,0.3196626939491238,0.3335655493517562,0.0425729069868348,0.3196626939491238,0.3335655493517562
Uruguay,2018,-0.48997817434839985,0.3412230272527943,0.3545161263832991,0.03821742319456822,0.3412230272527943,0.3545161263832991
Lithuania,1992,-0.12015248870404986,1.8252025337115017,2.31997176635535,0.23986394083204576,1.8252025337115017,2.31997176635535
Lithuania,1993,-0.13271800780158247,2.101915064477904,2.204357460757657,0.047587178672150454,2.101915064477904,2.204357460757657
Lithuania,1994,-0.1483062715896406,2.338055603951668,2.114110344690541,-0.10068551696448746,2.338055603951668,2.114110344690541
Lithuania,1995,-0.16741487057613946,2.31997176635535,2.1400310026965896,-0.08073466351632608,2.31997176635535,2.1400310026965896
Lithuania,1996,-0.1930399825856219,2.204357460757657,2.122239284432723,-0.037964250393789145,2.204357460757657,2.122239284432723
Lithuania,1997,-0.21797556172035878,2.114110344690541,2.185076627698032,0.03301679925913181,2.114110344690541,2.185076627698032
Lithuania,1998,-0.2309795693264463,2.1400310026965896,2.2993147181611797,0.07179078137305639,2.1400310026965896,2.2993147181611797
Lithuania,1999,-0.24097298794531527,2.122239284432723,2.2354184007497677,0.051956593134011464,2.122239284432723,2.2354184007497677
Lithuania,2000,-0.26386157320084536,2.185076627698032,2.371212107390281,0.081750328382865,2.185076627698032,2.371212107390281
Lithuania,2001,-0.2607895414214156,2.2993147181611797,2.5692058011325294,0.11098564875097572,2.2993147181611797,2.5692058011325294
Lithuania,2002,-0.25981092347774176,2.2354184007497677,3.0416016801600043,0.307955712116048,2.2354184007497677,3.0416016801600043
Lithuania,2003,-0.2678351440139633,2.371212107390281,3.4490642905426783,0.3747015802076291,2.371212107390281,3.4490642905426783
Lithuania,2004,-0.28589100284748764,2.5692058011325294,3.743529086121572,0.3764318259755891,2.5692058011325294,3.743529086121572
Lithuania,2005,-0.2904139291947622,3.0416016801600043,3.5123054602020147,0.14388835892398077,3.0416016801600043,3.5123054602020147
Lithuania,2006,-0.31051917449891986,3.4490642905426783,2.962796820889432,-0.15196923239108773,3.4490642905426783,2.962796820889432
Lithuania,2007,-0.339917657133056,3.743529086121572,2.7668431747268567,-0.30232165593654514,3.743529086121572,2.7668431747268567
Lithuania,2008,-0.35501411066131533,3.5123054602020147,2.647263436448065,-0.28274611415445683,3.5123054602020147,2.647263436448065
Lithuania,2009,-0.3710148823498963,2.962796820889432,2.746326451415314,-0.07586948473833455,2.962796820889432,2.746326451415314
Lithuania,2010,-0.3831436120629156,2.7668431747268567,2.891690452307565,0.04413422491513641,2.7668431747268567,2.891690452307565
Lithuania,2011,-0.38921512633691524,2.647263436448065,2.9771650595304022,0.11744504261880484,2.647263436448065,2.9771650595304022
Lithuania,2012,-0.37464611692614663,2.746326451415314,3.099920829277223,0.12111234788285308,2.746326451415314,3.099920829277223
Lithuania,2013,-0.3682509012538954,2.891690452307565,3.083275515522024,0.06415122675690377,2.891690452307565,3.083275515522024
Lithuania,2014,-0.3430378873507976,2.9771650595304022,2.763932437997567,-0.07431703745876028,2.9771650595304022,2.763932437997567
Lithuania,2015,-0.3250862344175188,3.099920829277223,2.685626786601316,-0.1434623816655779,3.099920829277223,2.685626786601316
Lithuania,2016,-0.29111639654560134,3.083275515522024,2.600503010033312,-0.17028755903441228,3.083275515522024,2.600503010033312
Lithuania,2017,-0.25910337187274773,2.763932437997567,2.570777149556736,-0.07244618884239384,2.763932437997567,2.570777149556736
Lithuania,2018,-0.218776799712104,2.685626786601316,2.7623021189714247,0.028150282008090444,2.685626786601316,2.7623021189714247
Netherlands,1992,-0.27682327161545306,0.5017256778313026,0.5590217060990468,0.10813458652525487,0.5017256778313026,0.5590217060990468
Netherlands,1993,-0.28889321848091065,0.5251568372545149,0.6057193861882447,0.1427196108598604,0.5251568372545149,0.6057193861882447
Netherlands,1994,-0.2984413075827826,0.5351387409270887,0.6268840936407545,0.15823534932290956,0.5351387409270887,0.6268840936407545
Netherlands,1995,-0.3257391686270131,0.5590217060990468,0.6645672601644838,0.1729475055078089,0.5590217060990468,0.6645672601644838
Netherlands,1996,-0.3326738515799552,0.6057193861882447,0.7109276827682538,0.1601536485852536,0.6057193861882447,0.7109276827682538
Netherlands,1997,-0.33681530185085484,0.6268840936407545,0.7508494770730564,0.18044327339618493,0.6268840936407545,0.7508494770730564
Netherlands,1998,-0.35536475635432635,0.6645672601644838,0.7673957214947708,0.1438663086014415,0.6645672601644838,0.7673957214947708
Netherlands,1999,-0.3744474160430837,0.7109276827682538,0.7594646616019514,0.06604298992398655,0.7109276827682538,0.7594646616019514
Netherlands,2000,-0.3992583863210579,0.7508494770730564,0.7572363434016431,0.008470202367459212,0.7508494770730564,0.7572363434016431
Netherlands,2001,-0.41743169212688747,0.7673957214947708,0.7611398544850356,-0.008185473537093146,0.7673957214947708,0.7611398544850356
Netherlands,2002,-0.43535989944311293,0.7594646616019514,0.7439825013724314,-0.02059625015388805,0.7594646616019514,0.7439825013724314
Netherlands,2003,-0.44223015568188906,0.7572363434016431,0.7380673777332387,-0.025640262807324177,0.7572363434016431,0.7380673777332387
Netherlands,2004,-0.44457483740999926,0.7611398544850356,0.7518522813916996,-0.012277231659779897,0.7611398544850356,0.7518522813916996
Netherlands,2005,-0.44556627188453957,0.7439825013724314,0.7902529754495018,0.06033552269314246,0.7439825013724314,0.7902529754495018
Netherlands,2006,-0.45693840162765675,0.7380673777332387,0.7965365140423478,0.0762377537868121,0.7380673777332387,0.7965365140423478
Netherlands,2007,-0.466385524511807,0.7518522813916996,0.7863560372601907,0.04486973478672493,0.7518522813916996,0.7863560372601907
Netherlands,2008,-0.47683598607364747,0.7902529754495018,0.8003876465873592,0.012743036229846988,0.7902529754495018,0.8003876465873592
Netherlands,2009,-0.4957887951474634,0.7965365140423478,0.8245792919087719,0.03460029295344075,0.7965365140423478,0.8245792919087719
Netherlands,2010,-0.5048368987590109,0.7863560372601907,0.842031050891047,0.06840714354024785,0.7863560372601907,0.842031050891047
Netherlands,2011,-0.5113774528865525,0.8003876465873592,0.8675904693709651,0.08062352852415466,0.8003876465873592,0.8675904693709651
Netherlands,2012,-0.5059947130694126,0.8245792919087719,0.9344057637964576,0.1250373308960045,0.8245792919087719,0.9344057637964576
Netherlands,2013,-0.4987783088516265,0.842031050891047,1.0092430062982902,0.18113874223817775,0.842031050891047,1.0092430062982902
Netherlands,2014,-0.47409256908593167,0.8675904693709651,1.051638069734942,0.19238429836371732,0.8675904693709651,1.051638069734942
Netherlands,2015,-0.450366467846272,0.9344057637964576,1.0742784389990223,0.13949357581442376,0.9344057637964576,1.0742784389990223
Netherlands,2016,-0.4464979169008927,1.0092430062982902,1.0885067788761635,0.07560620611991245,1.0092430062982902,1.0885067788761635
Netherlands,2017,-0.4472779596004168,1.051638069734942,1.019792935814179,-0.030749382666193953,1.051638069734942,1.019792935814179
Netherlands,2018,-0.43885117067868434,1.0742784389990223,1.035838201680594,-0.03643822647423965,1.0742784389990223,1.035838201680594
Sweden,1992,-0.4132886425382987,1.1492210027579153,1.4535363260944067,0.23491492674283063,1.1492210027579153,1.4535363260944067
Sweden,1993,-0.41436727539583,1.2536153940928898,1.6467303608988404,0.27275984017026,1.2536153940928898,1.6467303608988404
Sweden,1994,-0.423441254862284,1.3161182019664814,1.8717517764995504,0.3521878976955129,1.3161182019664814,1.8717517764995504
Sweden,1995,-0.43555003020058475,1.4535363260944067,2.076300569595261,0.3565880986567687,1.4535363260944067,2.076300569595261
Sweden,1996,-0.46466252282452397,1.6467303608988404,2.302771369479172,0.3353214453294601,1.6467303608988404,2.302771369479172
Sweden,1997,-0.49513143492091977,1.8717517764995504,2.483403247187672,0.28275499373165125,1.8717517764995504,2.483403247187672
Sweden,1998,-0.5348547173341959,2.076300569595261,2.5045456033803406,0.18751950200905876,2.076300569595261,2.5045456033803406
Sweden,1999,-0.5645559846920272,2.302771369479172,2.4084129126314324,0.04485462821806907,2.302771369479172,2.4084129126314324
Sweden,2000,-0.5860051434056208,2.483403247187672,2.38822049087501,-0.03908135637825416,2.483403247187672,2.38822049087501
Sweden,2001,-0.606676195049453,2.5045456033803406,2.482707957927656,-0.008757435727801188,2.5045456033803406,2.482707957927656
Sweden,2002,-0.6094175244805746,2.4084129126314324,2.487639681543797,0.03236634054316134,2.4084129126314324,2.487639681543797
Sweden,2003,-0.604370937858858,2.38822049087501,2.544108262554244,0.0632316508209323,2.38822049087501,2.544108262554244
Sweden,2004,-0.5970961623640927,2.482707957927656,2.780046946625394,0.11311788876876883,2.482707957927656,2.780046946625394
Sweden,2005,-0.5834646682790509,2.487639681543797,3.0357659912883146,0.19912936415464233,2.487639681543797,3.0357659912883146
Sweden,2006,-0.5597328603018019,2.544108262554244,3.1744297108195285,0.22134771891611682,2.544108262554244,3.1744297108195285
Sweden,2007,-0.535932731070543,2.780046946625394,3.33892480128201,0.1831809643349669,2.780046946625394,3.33892480128201
Sweden,2008,-0.5158347096548606,3.0357659912883146,3.500197972783822,0.14235570824576183,3.0357659912883146,3.500197972783822
Sweden,2009,-0.5102532008145183,3.1744297108195285,3.707762272833029,0.15530049079862418,3.1744297108195285,3.707762272833029
Sweden,2010,-0.5264235626112337,3.33892480128201,4.011513454051645,0.18351970048258948,3.33892480128201,4.011513454051645
Sweden,2011,-0.555803027619728,3.500197972783822,4.386608914038384,0.225736883369817,3.500197972783822,4.386608914038384
Sweden,2012,-0.5933269547438832,3.707762272833029,4.640620817410291,0.22441956624465131,3.707762272833029,4.640620817410291
Sweden,2013,-0.6341166469750649,4.011513454051645,4.717218139723585,0.1620506212996553,4.011513454051645,4.717218139723585
Sweden,2014,-0.675604642800449,4.386608914038384,4.726525498049728,0.07463387752454298,4.386608914038384,4.726525498049728
Sweden,2015,-0.7145193137476826,4.640620817410291,4.537535698963843,-0.022464082148037523,4.640620817410291,4.537535698963843
Sweden,2016,-0.7356869856761414,4.717218139723585,4.307078246404866,-0.09095945531197835,4.717218139723585,4.307078246404866
Sweden,2017,-0.7567984977572915,4.726525498049728,3.89076144991619,-0.19458543616715618,4.726525498049728,3.89076144991619
Sweden,2018,-0.7667514471837491,4.537535698963843,3.689317410075665,-0.20694255920985904,4.537535698963843,3.689317410075665
Peru,1992,0.8244232986590536,0.4115222125652393,0.4359358032368331,0.057631857976512046,0.4115222125652393,0.4359358032368331
Peru,1993,0.7853012435716571,0.4141306621644774,0.4259034792520471,0.028031146200739765,0.4141306621644774,0.4259034792520471
Peru,1994,0.7938916427289119,0.4267919211812248,0.4377928774962431,0.025449266794576042,0.4267919211812248,0.4377928774962431
Peru,1995,0.7674373417285393,0.4359358032368331,0.4419883917375259,0.013788595057112052,0.4359358032368331,0.4419883917375259
Peru,1996,0.6873279255175413,0.4259034792520471,0.4292443474674286,0.007813566952019735,0.4259034792520471,0.4292443474674286
Peru,1997,0.61182780964447,0.4377928774962431,0.4087280285119283,-0.06869578578377689,0.4377928774962431,0.4087280285119283
Peru,1998,0.5620580534090307,0.4419883917375259,0.4471985718186864,0.011719083172953115,0.4419883917375259,0.4471985718186864
Peru,1999,0.5158376813252902,0.4292443474674286,0.4908732554158385,0.1341593350753092,0.4292443474674286,0.4908732554158385
Peru,2000,0.5310605234243974,0.4087280285119283,0.5288261497866004,0.2576092149761766,0.4087280285119283,0.5288261497866004
Peru,2001,0.5958910322449782,0.4471985718186864,0.5147868658005427,0.14074994036936217,0.4471985718186864,0.5147868658005427
Peru,2002,0.6899630838866859,0.4908732554158385,0.5178560552974762,0.053511253106539924,0.4908732554158385,0.5178560552974762
Peru,2003,0.7657298842553768,0.5288261497866004,0.5144465161983832,-0.02756808874037575,0.5288261497866004,0.5144465161983832
Peru,2004,0.7867900313299595,0.5147868658005427,0.5079226573371667,-0.013423749285324527,0.5147868658005427,0.5079226573371667
Peru,2005,0.7120885252500101,0.5178560552974762,0.5095791316184943,-0.01611213384458543,0.5178560552974762,0.5095791316184943
Peru,2006,0.6533827310931759,0.5144465161983832,0.6077234811952741,0.16662808259295447,0.5144465161983832,0.6077234811952741
Peru,2007,0.6162075328912056,0.5079226573371667,0.607001955337331,0.17820250435482698,0.5079226573371667,0.607001955337331
Peru,2008,0.6393411833022603,0.5095791316184943,0.5546670630486643,0.08478273491736943,0.5095791316184943,0.5546670630486643
Peru,2009,0.6546663748269118,0.6077234811952741,0.5045737928083237,-0.18600554317118956,0.6077234811952741,0.5045737928083237
Peru,2010,0.7156368811763211,0.607001955337331,0.4844127166603588,-0.22559433172460552,0.607001955337331,0.4844127166603588
Peru,2011,0.7503588505074099,0.5546670630486643,0.462035585866803,-0.1827257720912494,0.5546670630486643,0.462035585866803
Peru,2012,0.7864421985070084,0.5045737928083237,0.4446900703940202,-0.12633626291234723,0.5045737928083237,0.4446900703940202
Peru,2013,0.7389508069938142,0.4844127166603588,0.4312194395721395,-0.11631990800654457,0.4844127166603588,0.4312194395721395
Peru,2014,0.7561953524299732,0.462035585866803,0.4177885317760846,-0.10066628491188023,0.462035585866803,0.4177885317760846
Peru,2015,0.7306927125465594,0.4446900703940202,0.4758228607264086,0.06766792801117705,0.4446900703940202,0.4758228607264086
Peru,2016,0.7065078500181213,0.4312194395721395,0.5308816988863336,0.20792167070998657,0.4312194395721395,0.5308816988863336
Peru,2017,0.7346233028455692,0.4177885317760846,0.493380189114024,0.16630428512386708,0.4177885317760846,0.493380189114024
Peru,2018,0.8178864929202968,0.4758228607264086,0.4903787590723286,0.03013236418905696,0.4758228607264086,0.4903787590723286
Portugal,1992,-0.03329977159521264,1.0817194169846074,1.3540458270628613,0.22454500575260952,1.0817194169846074,1.3540458270628613
Portugal,1993,-0.020206231187345644,1.1813714952885377,1.3656410522175473,0.14494779180901463,1.1813714952885377,1.3656410522175473
Portugal,1994,-0.012281014217926302,1.2570967490324598,1.3534926309363302,0.07388343410233536,1.2570967490324598,1.3534926309363302
Portugal,1995,0.008955993738202231,1.3540458270628613,1.3335289392040377,-0.015268242148989086,1.3540458270628613,1.3335289392040377
Portugal,1996,0.02895208252191596,1.3656410522175473,1.2984794102285429,-0.05043002042910988,1.3656410522175473,1.2984794102285429
Portugal,1997,0.04196130374227282,1.3534926309363302,1.254647172380532,-0.07583393188768123,1.3534926309363302,1.254647172380532
Portugal,1998,0.037703655753544674,1.3335289392040377,1.2102292605251896,-0.09701887652548438,1.3335289392040377,1.2102292605251896
Portugal,1999,0.016029426200770937,1.2984794102285429,1.1017761377314987,-0.16427020962927547,1.2984794102285429,1.1017761377314987
Portugal,2000,-0.03952412305549028,1.254647172380532,1.0231527374988774,-0.2039654358347979,1.254647172380532,1.0231527374988774
Portugal,2001,-0.10606641864269199,1.2102292605251896,0.9636559530409872,-0.2278305450043108,1.2102292605251896,0.9636559530409872
Portugal,2002,-0.17461086773272616,1.1017761377314987,0.8862575004172264,-0.21767106565298344,1.1017761377314987,0.8862575004172264
Portugal,2003,-0.2493767119584645,1.0231527374988774,0.8537092252885025,-0.1810532141377708,1.0231527374988774,0.8537092252885025
Portugal,2004,-0.31301598893517646,0.9636559530409872,0.9057307044359684,-0.0619922432186994,0.9636559530409872,0.9057307044359684
Portugal,2005,-0.3623590989195511,0.8862575004172264,0.9314697943596796,0.049756166961385434,0.8862575004172264,0.9314697943596796
Portugal,2006,-0.4029263641997561,0.8537092252885025,0.9416933562258244,0.09808893776383842,0.8537092252885025,0.9416933562258244
Portugal,2007,-0.42129254050342624,0.9057307044359684,0.9396660557342534,0.036782486276311255,0.9057307044359684,0.9396660557342534
Portugal,2008,-0.4170193249226056,0.9314697943596796,0.9040555064507396,-0.02987297063124328,0.9314697943596796,0.9040555064507396
Portugal,2009,-0.4075313818630659,0.9416933562258244,0.892523871936695,-0.053626378340019716,0.9416933562258244,0.892523871936695
Portugal,2010,-0.39318405167310805,0.9396660557342534,0.902568056326574,-0.040280412509303545,0.9396660557342534,0.902568056326574
Portugal,2011,-0.39046494027197753,0.9040555064507396,0.9171995875985308,0.01443432605292419,0.9040555064507396,0.9171995875985308
Portugal,2012,-0.4196071197344775,0.892523871936695,0.9240366881293298,0.034698477846949294,0.892523871936695,0.9240366881293298
Portugal,2013,-0.4776991882937477,0.902568056326574,0.9473248483517526,0.048397914866070604,0.902568056326574,0.9473248483517526
Portugal,2014,-0.5362793726837284,0.9171995875985308,0.9985660244247256,0.08499508408808959,0.9171995875985308,0.9985660244247256
Portugal,2015,-0.6018050833336376,0.9240366881293298,1.0483010691077572,0.12617419840239946,0.9240366881293298,1.0483010691077572
Portugal,2016,-0.6285868662709282,0.9473248483517526,1.0636856815093187,0.11585303541924263,0.9473248483517526,1.0636856815093187
Portugal,2017,-0.6139388144102119,0.9985660244247256,1.0376936595690718,0.03843558247129017,0.9985660244247256,1.0376936595690718
Portugal,2018,-0.5701729232560351,1.0483010691077572,1.0191729043009714,-0.028179376841224766,1.0483010691077572,1.0191729043009714
Dominican Republic,1992,1.0289661313434546,0.067535560907967,0.0843388220633453,0.22218504423834995,0.067535560907967,0.0843388220633453
Dominican Republic,1993,1.1558282212604458,0.0736023862471809,0.0903876830414395,0.20542803849713698,0.0736023862471809,0.0903876830414395
Dominican Republic,1994,1.2113880615137356,0.0783603810027708,0.0958305154532646,0.2012603854620032,0.0783603810027708,0.0958305154532646
Dominican Republic,1995,1.2654994731769684,0.0843388220633453,0.0994359754577873,0.16466989242739816,0.0843388220633453,0.0994359754577873
Dominican Republic,1996,1.2761002309690468,0.0903876830414395,0.1007052691527689,0.10808898155742064,0.0903876830414395,0.1007052691527689
Dominican Republic,1997,1.256455673474647,0.0958305154532646,0.1011042312409603,0.053570265715767285,0.0958305154532646,0.1011042312409603
Dominican Republic,1998,1.1348531098532395,0.0994359754577873,0.1016806791932505,0.02232311024436573,0.0994359754577873,0.1016806791932505
Dominican Republic,1999,1.0134847225209747,0.1007052691527689,0.1023214419879609,0.01592096964569656,0.1007052691527689,0.1023214419879609
Dominican Republic,2000,0.9175710636562873,0.1011042312409603,0.103329120336962,0.021767046892578357,0.1011042312409603,0.103329120336962
Dominican Republic,2001,0.8652747847854474,0.1016806791932505,0.1031786028562752,0.014624045537327657,0.1016806791932505,0.1031786028562752
Dominican Republic,2002,0.8307430106212247,0.1023214419879609,0.10236518439389,0.0004274043689500573,0.1023214419879609,0.10236518439389
Dominican Republic,2003,0.8027288114295734,0.103329120336962,0.1015314854721528,-0.017550113626048525,0.103329120336962,0.1015314854721528
Dominican Republic,2004,0.847146708465509,0.1031786028562752,0.0988841587618178,-0.04251202247882935,0.1031786028562752,0.0988841587618178
Dominican Republic,2005,0.9420808066418657,0.10236518439389,0.0958160898847406,-0.06611536719068223,0.10236518439389,0.0958160898847406
Dominican Republic,2006,1.128947814476822,0.1015314854721528,0.0925876955756389,-0.0922117450052018,0.1015314854721528,0.0925876955756389
Dominican Republic,2007,1.4137204952237383,0.0988841587618178,0.0897747702301127,-0.09664404465581367,0.0988841587618178,0.0897747702301127
Dominican Republic,2008,1.755519558534657,0.0958160898847406,0.0876013768837013,-0.08963292939837109,0.0958160898847406,0.0876013768837013
Dominican Republic,2009,1.9979005723682286,0.0925876955756389,0.0880453718708021,-0.050303427418661784,0.0925876955756389,0.0880453718708021
Dominican Republic,2010,2.109584957393505,0.0897747702301127,0.0902335977196545,0.0050978006257995645,0.0897747702301127,0.0902335977196545
Dominican Republic,2011,2.062467387225018,0.0876013768837013,0.0927939865582773,0.05758448322647469,0.0876013768837013,0.0927939865582773
Dominican Republic,2012,1.8827707565736929,0.0880453718708021,0.0917648677256107,0.041376788455154134,0.0880453718708021,0.0917648677256107
Dominican Republic,2013,1.6275094271267476,0.0902335977196545,0.0920536214609507,0.019969192141741754,0.0902335977196545,0.0920536214609507
Dominican Republic,2014,1.4610282837855306,0.0927939865582773,0.0928296878129287,0.0003846585900637578,0.0927939865582773,0.0928296878129287
Dominican Republic,2015,1.3823570112229575,0.0917648677256107,0.0927334631475177,0.01049975700168515,0.0917648677256107,0.0927334631475177
Dominican Republic,2016,1.3794839708488866,0.0920536214609507,0.0902787751208842,-0.019468651365269984,0.0920536214609507,0.0902787751208842
Dominican Republic,2017,1.4327690979462169,0.0928296878129287,0.0763535898352942,-0.19538912718765733,0.0928296878129287,0.0763535898352942
Dominican Republic,2018,1.5589646643565334,0.0927334631475177,0.0754612793163966,-0.20610725451721468,0.0927334631475177,0.0754612793163966
Andorra,1992,2.8425286142576427,0.0863643989548266,0.0866069959469798,0.002805022718745498,0.0863643989548266,0.0866069959469798
Andorra,1993,2.8609554716810455,0.08687961562595,0.0869408754106267,0.000704854554179235,0.08687961562595,0.0869408754106267
Andorra,1994,2.8611912388543126,0.0869582395756702,0.0869823586822675,0.0002773225994490147,0.0869582395756702,0.0869823586822675
Andorra,1995,2.8432005816869164,0.0866069959469798,0.0872244603494684,0.0071041215254994405,0.0866069959469798,0.0872244603494684
Andorra,1996,2.772900346398368,0.0869408754106267,0.0875738155413624,0.007253666139265036,0.0869408754106267,0.0875738155413624
Andorra,1997,2.7164676947786717,0.0869823586822675,0.0874354321819827,0.005195219149374708,0.0869823586822675,0.0874354321819827
Andorra,1998,2.6301925873383474,0.0872244603494684,0.0897628427180233,0.028685987104866584,0.0872244603494684,0.0897628427180233
Andorra,1999,2.56278981783657,0.0875738155413624,0.0906341388692565,0.034348521307045576,0.0875738155413624,0.0906341388692565
Andorra,2000,2.5302274450230344,0.0874354321819827,0.091102340504622,0.041082432146998915,0.0874354321819827,0.091102340504622
Andorra,2001,2.4961053243694753,0.0897628427180233,0.0924134400588289,0.029100992242813817,0.0897628427180233,0.0924134400588289
Andorra,2002,2.4546251001333834,0.0906341388692565,0.0929962122891068,0.025727533222979826,0.0906341388692565,0.0929962122891068
Andorra,2003,2.377363686606055,0.091102340504622,0.0935098876006355,0.026083402301508407,0.091102340504622,0.0935098876006355
Andorra,2004,2.2747839287610656,0.0924134400588289,0.0932411351235693,0.0089164689980481,0.0924134400588289,0.0932411351235693
Andorra,2005,2.1506572566462596,0.0929962122891068,0.0924947532232403,-0.005406784953708943,0.0929962122891068,0.0924947532232403
Andorra,2006,2.0986490349710576,0.0935098876006355,0.0917937295448135,-0.01852299082961384,0.0935098876006355,0.0917937295448135
Andorra,2007,2.0716254448045337,0.0932411351235693,0.0917616406061457,-0.015994463409534365,0.0932411351235693,0.0917616406061457
Andorra,2008,2.051332381344983,0.0924947532232403,0.0904679436854558,-0.02215610424920378,0.0924947532232403,0.0904679436854558
Andorra,2009,2.000293903937973,0.0917937295448135,0.0922416105543874,0.004867293708378018,0.0917937295448135,0.0922416105543874
Andorra,2010,1.9525314111526113,0.0917616406061457,0.0918026065535108,0.00044633421099016246,0.0917616406061457,0.0918026065535108
Andorra,2011,1.8677557503754516,0.0904679436854558,0.0924953954871467,0.02216304793747259,0.0904679436854558,0.0924953954871467
Andorra,2012,1.7576317307546845,0.0922416105543874,0.0936629711038541,0.015291424680062171,0.0922416105543874,0.0936629711038541
Andorra,2013,1.6710002273268054,0.0918026065535108,0.0934180393546761,0.017443588011185618,0.0918026065535108,0.0934180393546761
Andorra,2014,1.6509477706352453,0.0924953954871467,0.0932165997798716,0.0077668666509636,0.0924953954871467,0.0932165997798716
Andorra,2015,1.6679990358583987,0.0936629711038541,0.0928177669532843,-0.00906475255441519,0.0936629711038541,0.0928177669532843
Andorra,2016,1.7084128907723648,0.0934180393546761,0.091445502960669,-0.02134103774068885,0.0934180393546761,0.091445502960669
Andorra,2017,1.7919787283193225,0.0932165997798716,0.0789869023251889,-0.16564183708711022,0.0932165997798716,0.0789869023251889
Andorra,2018,1.9465719701443747,0.0928177669532843,0.0796140023776354,-0.1534463022738981,0.0928177669532843,0.0796140023776354
Spain,1992,-0.28818483558746616,1.9682675418892928,2.135299507503926,0.08145314617199151,1.9682675418892928,2.135299507503926
Spain,1993,-0.29590193477675386,2.0107108592620264,2.148151585649525,0.06611939206498019,2.0107108592620264,2.148151585649525
Spain,1994,-0.32233251651063877,2.07469630591804,2.0636041536456973,-0.005360738585023617,2.07469630591804,2.0636041536456973
Spain,1995,-0.3652882808052721,2.135299507503926,1.9640164153738728,-0.08361531251379728,2.135299507503926,1.9640164153738728
Spain,1996,-0.39951054328407687,2.148151585649525,1.865792214041468,-0.14092193175879253,2.148151585649525,1.865792214041468
Spain,1997,-0.43423416338771675,2.0636041536456973,1.7725178318633168,-0.15205292395839665,2.0636041536456973,1.7725178318633168
Spain,1998,-0.4725677254017896,1.9640164153738728,1.6942044611660236,-0.1477782007328985,1.9640164153738728,1.6942044611660236
Spain,1999,-0.496673969099776,1.865792214041468,1.634250978977224,-0.1325010840654951,1.865792214041468,1.634250978977224
Spain,2000,-0.5111404779740859,1.7725178318633168,1.6139579173710388,-0.09371148822969,1.7725178318633168,1.6139579173710388
Spain,2001,-0.5146963571007993,1.6942044611660236,1.5747890163831757,-0.07309193600037994,1.6942044611660236,1.5747890163831757
Spain,2002,-0.5034321809535569,1.634250978977224,1.5445966198186682,-0.05642175826662715,1.634250978977224,1.5445966198186682
Spain,2003,-0.4996040925707991,1.6139579173710388,1.4777744932662076,-0.0881522036223023,1.6139579173710388,1.4777744932662076
Spain,2004,-0.4935504691896631,1.5747890163831757,1.46458243566255,-0.07255108268009502,1.5747890163831757,1.46458243566255
Spain,2005,-0.4884816422730784,1.5445966198186682,1.4478926024972172,-0.06465362385701212,1.5445966198186682,1.4478926024972172
Spain,2006,-0.4900314001135878,1.4777744932662076,1.3687514110802337,-0.07663823587928087,1.4777744932662076,1.3687514110802337
Spain,2007,-0.4940168983959141,1.46458243566255,1.2933753152932843,-0.12431475988885077,1.46458243566255,1.2933753152932843
Spain,2008,-0.4955211688992313,1.4478926024972172,1.2548861325623584,-0.14306417799926618,1.4478926024972172,1.2548861325623584
Spain,2009,-0.49643368727578435,1.3687514110802337,1.2405860341151294,-0.09831499390034817,1.3687514110802337,1.2405860341151294
Spain,2010,-0.5171769315608705,1.2933753152932843,1.2083956718399491,-0.0679616815498518,1.2933753152932843,1.2083956718399491
Spain,2011,-0.5416009306664438,1.2548861325623584,1.2088922379320746,-0.03734037268695131,1.2548861325623584,1.2088922379320746
Spain,2012,-0.5587864995226082,1.2405860341151294,1.2334973005923195,-0.005730402926196393,1.2405860341151294,1.2334973005923195
Spain,2013,-0.5651782538750055,1.2083956718399491,1.2610932011208418,0.04268534135924698,1.2083956718399491,1.2610932011208418
Spain,2014,-0.545350557174992,1.2088922379320746,1.2830976598695731,0.05957271883170337,1.2088922379320746,1.2830976598695731
Spain,2015,-0.49749869935274094,1.2334973005923195,1.318066445269274,0.06631232793162539,1.2334973005923195,1.318066445269274
Spain,2016,-0.44258436425019343,1.2610932011208418,1.324905395251757,0.049362054151253165,1.2610932011208418,1.324905395251757
Spain,2017,-0.4016824493906914,1.2830976598695731,1.22375391720997,-0.047354047467297516,1.2830976598695731,1.22375391720997
Spain,2018,-0.37467443089999547,1.318066445269274,1.3136452375121916,-0.0033599490289193956,1.318066445269274,1.3136452375121916
Latvia,1992,-0.07338291361589826,1.7983101826492345,2.272987942269709,0.23424768741544932,1.7983101826492345,2.272987942269709
Latvia,1993,-0.07322132754414559,2.1504135867396617,1.990776366129852,-0.07713545588767545,2.1504135867396617,1.990776366129852
Latvia,1994,-0.04944676698322042,2.430880663384223,1.9772791285859344,-0.20653178806333594,2.430880663384223,1.9772791285859344
Latvia,1995,-0.048587738910277796,2.272987942269709,2.2405772745601578,-0.014361689205406147,2.272987942269709,2.2405772745601578
Latvia,1996,-0.05142993589094328,1.990776366129852,2.280405920320504,0.13582870216248988,1.990776366129852,2.280405920320504
Latvia,1997,-0.03176868940567982,1.9772791285859344,2.3422581277726597,0.16939367492978563,1.9772791285859344,2.3422581277726597
Latvia,1998,-0.0376272012802176,2.2405772745601578,2.4639973417228043,0.0950513818333214,2.2405772745601578,2.4639973417228043
Latvia,1999,-0.07652248560690783,2.280405920320504,2.4014843749218926,0.05173355126131507,2.280405920320504,2.4014843749218926
Latvia,2000,-0.10214450746790601,2.3422581277726597,2.293758769953072,-0.02092361066023063,2.3422581277726597,2.293758769953072
Latvia,2001,-0.11342235134038275,2.4639973417228043,2.358192741047018,-0.0438894106350769,2.4639973417228043,2.358192741047018
Latvia,2002,-0.1236409711347667,2.4014843749218926,2.675459662443859,0.10803412365298337,2.4014843749218926,2.675459662443859
Latvia,2003,-0.13013666479775934,2.293758769953072,2.921834976160659,0.24201988546146613,2.293758769953072,2.921834976160659
Latvia,2004,-0.1192892203328839,2.358192741047018,2.8820477245146416,0.20060544189418572,2.358192741047018,2.8820477245146416
Latvia,2005,-0.10523271365337487,2.675459662443859,2.5235725640704194,-0.05844559780449288,2.675459662443859,2.5235725640704194
Latvia,2006,-0.08833600950817724,2.921834976160659,2.176895334353321,-0.2943120151137044,2.921834976160659,2.176895334353321
Latvia,2007,-0.06994404220976921,2.8820477245146416,1.937355144329436,-0.39717717252724105,2.8820477245146416,1.937355144329436
Latvia,2008,-0.05683227520349195,2.5235725640704194,1.7291500890882636,-0.37804538984829117,2.5235725640704194,1.7291500890882636
Latvia,2009,-0.06572209016465606,2.176895334353321,1.7236177306818492,-0.23347416865298687,2.176895334353321,1.7236177306818492
Latvia,2010,-0.09188931336011874,1.937355144329436,1.722255163459654,-0.11768907719073807,1.937355144329436,1.722255163459654
Latvia,2011,-0.13506216469865767,1.7291500890882636,1.6892897946572862,-0.02332179540180812,1.7291500890882636,1.6892897946572862
Latvia,2012,-0.18892524627545118,1.7236177306818492,1.672897934131244,-0.029867983669994214,1.7236177306818492,1.672897934131244
Latvia,2013,-0.23762976972215571,1.722255163459654,1.7234027342312752,0.0006660963926359287,1.722255163459654,1.7234027342312752
Latvia,2014,-0.2606438770692006,1.6892897946572862,1.8306230405190949,0.08034812174594352,1.6892897946572862,1.8306230405190949
Latvia,2015,-0.25254313536181555,1.672897934131244,1.849829120823716,0.10053579807560087,1.672897934131244,1.849829120823716
Latvia,2016,-0.2085884558608497,1.7234027342312752,1.8277211203562025,0.05876919793987345,1.7234027342312752,1.8277211203562025
Latvia,2017,-0.16534802489858344,1.8306230405190949,1.7883026575574723,-0.02338942129182875,1.8306230405190949,1.7883026575574723
Latvia,2018,-0.10174218943081137,1.849829120823716,2.029234670849239,0.09256539703826505,1.849829120823716,2.029234670849239
Norway,1992,-0.7242373292948547,2.533190371965824,3.7737543307317742,0.3985906949479221,2.533190371965824,3.7737543307317742
Norway,1993,-0.726658201341049,2.83829698827442,4.387675015398296,0.43559513283922313,2.83829698827442,4.387675015398296
Norway,1994,-0.7474998350933967,3.245024652380628,4.897741091230206,0.4116510458817202,3.245024652380628,4.897741091230206
Norway,1995,-0.7883088309985398,3.7737543307317742,5.696316814403829,0.4117493540011863,3.7737543307317742,5.696316814403829
Norway,1996,-0.8377172386305888,4.387675015398296,6.137661433159477,0.3356442530013304,4.387675015398296,6.137661433159477
Norway,1997,-0.8965450783086414,4.897741091230206,7.063186545856213,0.36612214215128547,4.897741091230206,7.063186545856213
Norway,1998,-0.9597917582221716,5.696316814403829,7.409012990854159,0.26287739717083136,5.696316814403829,7.409012990854159
Norway,1999,-1.0163105156515302,6.137661433159477,7.04747361246509,0.13822538319510547,6.137661433159477,7.04747361246509
Norway,2000,-1.056426226323696,7.063186545856213,6.524512259545628,-0.0793300891717541,7.063186545856213,6.524512259545628
Norway,2001,-1.0808055304073554,7.409012990854159,6.418144857548585,-0.14356809703844542,7.409012990854159,6.418144857548585
Norway,2002,-1.0968042123068553,7.04747361246509,6.174422285989228,-0.1322538584824764,7.04747361246509,6.174422285989228
Norway,2003,-1.0968953439815428,6.524512259545628,6.040913021913707,-0.07701102555891626,6.524512259545628,6.040913021913707
Norway,2004,-1.072692798527289,6.418144857548585,5.948524097015332,-0.07598596277866632,6.418144857548585,5.948524097015332
Norway,2005,-1.046584663133046,6.174422285989228,5.9399148295348185,-0.03872052000878323,6.174422285989228,5.9399148295348185
Norway,2006,-1.023548957001484,6.040913021913707,5.8971818481973,-0.02408057510537942,6.040913021913707,5.8971818481973
Norway,2007,-0.98860598484023,5.948524097015332,5.727804581727926,-0.03781081863007185,5.948524097015332,5.727804581727926
Norway,2008,-0.9697178395809749,5.9399148295348185,5.562440335652785,-0.06565786212492752,5.9399148295348185,5.562440335652785
Norway,2009,-0.9623567615775103,5.8971818481973,5.296268400293809,-0.10747206754732597,5.8971818481973,5.296268400293809
Norway,2010,-0.9585742954650477,5.727804581727926,5.239802551710524,-0.08904847984626896,5.727804581727926,5.239802551710524
Norway,2011,-0.9567516850596622,5.562440335652785,5.126517611404661,-0.08161030548479964,5.562440335652785,5.126517611404661
Norway,2012,-0.9703875345304013,5.296268400293809,4.926092169721366,-0.07245647258745613,5.296268400293809,4.926092169721366
Norway,2013,-0.9737182872911339,5.239802551710524,4.754830021966732,-0.09712284904821011,5.239802551710524,4.754830021966732
Norway,2014,-0.9860505640475082,5.126517611404661,4.50007561943303,-0.1303323723804486,5.126517611404661,4.50007561943303
Norway,2015,-0.9929600908553619,4.926092169721366,4.482165889295122,-0.09443960325167633,4.926092169721366,4.482165889295122
Norway,2016,-0.9954736688908282,4.754830021966732,4.389358611767766,-0.07997781631658274,4.754830021966732,4.389358611767766
Norway,2017,-0.9948475124694565,4.50007561943303,4.340992979956077,-0.03599107364286103,4.50007561943303,4.340992979956077
Norway,2018,-0.9926363777189801,4.482165889295122,4.088467325990985,-0.09193620264517821,4.482165889295122,4.088467325990985
Belarus,1992,4.320995368143536,2.5619319366690285,3.050616549928105,0.1745820185418019,2.5619319366690285,3.050616549928105
Belarus,1993,4.007544597669133,2.879713683573636,2.987584670958425,0.03677437228122882,2.879713683573636,2.987584670958425
Belarus,1994,3.702929899400587,2.946692874302707,3.004419535083407,0.019400894510029687,2.946692874302707,3.004419535083407
Belarus,1995,3.133998602978579,3.050616549928105,3.1575853846970485,0.03446388793194766,3.050616549928105,3.1575853846970485
Belarus,1996,2.5264872685997575,2.987584670958425,3.3776137253320697,0.12270416448727772,2.987584670958425,3.3776137253320697
Belarus,1997,1.9907914243319091,3.004419535083407,3.3124854967689794,0.09761439904743918,3.004419535083407,3.3124854967689794
Belarus,1998,1.57988801244406,3.1575853846970485,3.6424566734816697,0.14285070539406952,3.1575853846970485,3.6424566734816697
Belarus,1999,1.2267541296603421,3.3776137253320697,4.117226090838166,0.19801014276138162,3.3776137253320697,4.117226090838166
Belarus,2000,0.9794311804303926,3.3124854967689794,4.173714117933695,0.23110743989568872,3.3124854967689794,4.173714117933695
Belarus,2001,0.8012464712909542,3.6424566734816697,3.9344601627066966,0.07711529914765514,3.6424566734816697,3.9344601627066966
Belarus,2002,0.6198151631172377,4.117226090838166,3.8206243089781857,-0.07476579789460569,4.117226090838166,3.8206243089781857
Belarus,2003,0.47654495358189164,4.173714117933695,3.532740553569684,-0.16673234116862878,4.173714117933695,3.532740553569684
Belarus,2004,0.373294981560161,3.9344601627066966,3.331717156817083,-0.16628580404654092,3.9344601627066966,3.331717156817083
Belarus,2005,0.31990403213125734,3.8206243089781857,3.0887488873243405,-0.21264766083064934,3.8206243089781857,3.0887488873243405
Belarus,2006,0.2694421811918118,3.532740553569684,3.0120842092349767,-0.1594416141278454,3.532740553569684,3.0120842092349767
Belarus,2007,0.23759690468081276,3.331717156817083,3.274358367324937,-0.017365897015403586,3.331717156817083,3.274358367324937
Belarus,2008,0.19049706485418344,3.0887488873243405,3.2122854312988283,0.03921652564055189,3.0887488873243405,3.2122854312988283
Belarus,2009,0.14062753516024726,3.0120842092349767,2.9069354531740426,-0.03553283805158869,3.0120842092349767,2.9069354531740426
Belarus,2010,0.08319866735053759,3.274358367324937,2.9258033546937017,-0.11255280098410236,3.274358367324937,2.9258033546937017
Belarus,2011,0.02958151609937655,3.2122854312988283,2.856724406593576,-0.1173069613502018,3.2122854312988283,2.856724406593576
Belarus,2012,0.025819845312955232,2.9069354531740426,2.6234453879552126,-0.10261089278216307,2.9069354531740426,2.6234453879552126
Belarus,2013,0.022010868928454944,2.9258033546937017,2.3712784001166405,-0.21013979517443515,2.9258033546937017,2.3712784001166405
Belarus,2014,0.04681949243930354,2.856724406593576,2.080519716434336,-0.3170577993097895,2.856724406593576,2.080519716434336
Belarus,2015,0.0725300883205848,2.6234453879552126,1.9784500590100096,-0.2821746234964203,2.6234453879552126,1.9784500590100096
Belarus,2016,0.10249996922163301,2.3712784001166405,2.1129604159683693,-0.11533916260459298,2.3712784001166405,2.1129604159683693
Belarus,2017,0.11891934129462263,2.080519716434336,2.2335565218418147,0.0709774087831575,2.080519716434336,2.2335565218418147
Belarus,2018,0.17146442138472,1.9784500590100096,2.4662890671439475,0.22040077927776935,1.9784500590100096,2.4662890671439475
Switzerland,1992,0.12191808597105097,4.363748539520803,4.094447638546304,-0.0636996082750998,4.363748539520803,4.094447638546304
Switzerland,1993,0.02505614803474719,4.255190714328841,3.725958930326375,-0.13281529920762325,4.255190714328841,3.725958930326375
Switzerland,1994,-0.06494225129898082,4.295496811181474,3.4038285551755054,-0.23266631600012122,4.295496811181474,3.4038285551755054
Switzerland,1995,-0.25522569162689984,4.094447638546304,3.211419923646328,-0.2429185710977826,4.094447638546304,3.211419923646328
Switzerland,1996,-0.40378838195437705,3.725958930326375,3.052550863918009,-0.19934660055429432,3.725958930326375,3.052550863918009
Switzerland,1997,-0.5279726163964631,3.4038285551755054,3.018705622405156,-0.1200726686089888,3.4038285551755054,3.018705622405156
Switzerland,1998,-0.6362784255233431,3.211419923646328,2.914698315828105,-0.09694683071773769,3.211419923646328,2.914698315828105
Switzerland,1999,-0.720904958492623,3.052550863918009,2.8112410634671563,-0.08235151634058058,3.052550863918009,2.8112410634671563
Switzerland,2000,-0.7764763156454031,3.018705622405156,2.733276549793928,-0.09932701214404727,3.018705622405156,2.733276549793928
Switzerland,2001,-0.8221251490635212,2.914698315828105,2.7100245413801685,-0.07280860411202195,2.914698315828105,2.7100245413801685
Switzerland,2002,-0.8446295490637252,2.8112410634671563,2.735314550219356,-0.027379597083870832,2.8112410634671563,2.735314550219356
Switzerland,2003,-0.8469258198711542,2.733276549793928,2.715629465106092,-0.0064773148451212625,2.733276549793928,2.715629465106092
Switzerland,2004,-0.8365410136015076,2.7100245413801685,2.6821531192345103,-0.01033781220899388,2.7100245413801685,2.6821531192345103
Switzerland,2005,-0.8241305380728424,2.735314550219356,2.672572187470468,-0.023205055132500152,2.735314550219356,2.672572187470468
Switzerland,2006,-0.7950860980872121,2.715629465106092,2.604064541677962,-0.041950248291974135,2.715629465106092,2.604064541677962
Switzerland,2007,-0.7662298262524824,2.6821531192345103,2.4256629440695976,-0.10051496921739689,2.6821531192345103,2.4256629440695976
Switzerland,2008,-0.7328790461031405,2.672572187470468,2.353529623738506,-0.12712515516504208,2.672572187470468,2.353529623738506
Switzerland,2009,-0.707494678233608,2.604064541677962,2.273003508468125,-0.13597136528837073,2.604064541677962,2.273003508468125
Switzerland,2010,-0.6921017377344716,2.4256629440695976,2.246735382255008,-0.07662661183236807,2.4256629440695976,2.246735382255008
Switzerland,2011,-0.6937400526547259,2.353529623738506,2.183344531285142,-0.07505824596131894,2.353529623738506,2.183344531285142
Switzerland,2012,-0.7090424888413537,2.273003508468125,2.1757948972653467,-0.0437080009745493,2.273003508468125,2.1757948972653467
Switzerland,2013,-0.7303514040191369,2.246735382255008,2.197735615431716,-0.022050646844571253,2.246735382255008,2.197735615431716
Switzerland,2014,-0.7382365608539848,2.183344531285142,2.239884492499728,0.02556639732894095,2.183344531285142,2.239884492499728
Switzerland,2015,-0.7365467971403151,2.1757948972653467,2.2662821108329174,0.04074656600448778,2.1757948972653467,2.2662821108329174
Switzerland,2016,-0.7275440142126559,2.197735615431716,2.177927463874492,-0.00905384050541147,2.197735615431716,2.177927463874492
Switzerland,2017,-0.7078447024752954,2.239884492499728,2.0052412300917406,-0.11065987866597704,2.239884492499728,2.0052412300917406
Switzerland,2018,-0.6837349330975341,2.2662821108329174,2.099853303659719,-0.07627313027346283,2.2662821108329174,2.099853303659719
Colombia,1992,-0.6351205849845283,0.345771188069614,0.2993565718656312,-0.1441413908149476,0.345771188069614,0.2993565718656312
Colombia,1993,-0.6322292260137503,0.3329125051774619,0.2950180515379926,-0.12084277629000129,0.3329125051774619,0.2950180515379926
Colombia,1994,-0.6349331080409251,0.3158221329267172,0.2764256594919378,-0.13323681114695174,0.3158221329267172,0.2764256594919378
Colombia,1995,-0.6285312281261691,0.2993565718656312,0.2651987607431199,-0.1211553952719715,0.2993565718656312,0.2651987607431199
Colombia,1996,-0.6294056292916388,0.2950180515379926,0.2703552904383541,-0.08729925242400083,0.2950180515379926,0.2703552904383541
Colombia,1997,-0.617541407312855,0.2764256594919378,0.2798713249886717,0.01238797717642881,0.2764256594919378,0.2798713249886717
Colombia,1998,-0.599899828546116,0.2651987607431199,0.2758332824239045,0.039316903252891056,0.2651987607431199,0.2758332824239045
Colombia,1999,-0.5791744115707467,0.2703552904383541,0.2674452539969105,-0.010822056803956315,0.2703552904383541,0.2674452539969105
Colombia,2000,-0.5609681050227051,0.2798713249886717,0.2643054137662318,-0.05722442868570865,0.2798713249886717,0.2643054137662318
Colombia,2001,-0.5470029482636662,0.2758332824239045,0.2493747396154911,-0.10083950587254131,0.2758332824239045,0.2493747396154911
Colombia,2002,-0.5418757703337098,0.2674452539969105,0.2133518939956278,-0.22597105242450244,0.2674452539969105,0.2133518939956278
Colombia,2003,-0.5563873377171632,0.2643054137662318,0.2005039356098412,-0.2762702253571574,0.2643054137662318,0.2005039356098412
Colombia,2004,-0.5600737043027627,0.2493747396154911,0.1903175532251612,-0.27026148935195815,0.2493747396154911,0.1903175532251612
Colombia,2005,-0.5610309128726749,0.2133518939956278,0.1932317189731586,-0.09905231378380641,0.2133518939956278,0.1932317189731586
Colombia,2006,-0.5673478475265314,0.2005039356098412,0.1975679850689826,-0.014751048109953313,0.2005039356098412,0.1975679850689826
Colombia,2007,-0.5740404932338392,0.1903175532251612,0.1961094142079483,0.029978574246574796,0.1903175532251612,0.1961094142079483
Colombia,2008,-0.5523791696725369,0.1932317189731586,0.1986126781460983,0.02746636177684114,0.1932317189731586,0.1986126781460983
Colombia,2009,-0.5434186433305025,0.1975679850689826,0.2093453240046406,0.05790211837999526,0.1975679850689826,0.2093453240046406
Colombia,2010,-0.5426790239630586,0.1961094142079483,0.2140618246642217,0.08759170672396777,0.1961094142079483,0.2140618246642217
Colombia,2011,-0.5367691056638962,0.1986126781460983,0.2150641128681543,0.0795792107474258,0.1986126781460983,0.2150641128681543
Colombia,2012,-0.5382870434767738,0.2093453240046406,0.2234630294529227,0.06526052583435349,0.2093453240046406,0.2234630294529227
Colombia,2013,-0.5505283737177794,0.2140618246642217,0.2402500487108132,0.11541486778733345,0.2140618246642217,0.2402500487108132
Colombia,2014,-0.5646513016569373,0.2150641128681543,0.2533085602872296,0.16367146641021835,0.2150641128681543,0.2533085602872296
Colombia,2015,-0.5613961501207559,0.2234630294529227,0.2771035215975794,0.21514431024597558,0.2234630294529227,0.2771035215975794
Colombia,2016,-0.543108629309086,0.2402500487108132,0.2960677256620301,0.2089071957424946,0.2402500487108132,0.2960677256620301
Colombia,2017,-0.4877080191700405,0.2533085602872296,0.2805884371801708,0.10228022403087378,0.2533085602872296,0.2805884371801708
Colombia,2018,-0.42000527585747405,0.2771035215975794,0.2835218166417639,0.022897832608886448,0.2771035215975794,0.2835218166417639
Belgium,1992,-0.6733444944468087,0.906484818860653,1.1736525097715231,0.2583014341115652,0.906484818860653,1.1736525097715231
Belgium,1993,-0.6802512772802205,1.0145668417573233,1.2297767885265547,0.19237074316928626,1.0145668417573233,1.2297767885265547
Belgium,1994,-0.68986068441102,1.1087283485081751,1.2504498494036995,0.12028953726248685,1.1087283485081751,1.2504498494036995
Belgium,1995,-0.7094734191638364,1.1736525097715231,1.2604141422079138,0.07131960327649,1.1736525097715231,1.2604141422079138
Belgium,1996,-0.7263668786308212,1.2297767885265547,1.3404498132166007,0.08617249182838654,1.2297767885265547,1.3404498132166007
Belgium,1997,-0.7267566232684598,1.2504498494036995,1.4247850358115133,0.13051748633127166,1.2504498494036995,1.4247850358115133
Belgium,1998,-0.7306829136534101,1.2604141422079138,1.4330733871749917,0.12838091295969536,1.2604141422079138,1.4330733871749917
Belgium,1999,-0.7271678073868332,1.3404498132166007,1.4064743776639708,0.04808085753273661,1.3404498132166007,1.4064743776639708
Belgium,2000,-0.7088307084959358,1.4247850358115133,1.4103612615076846,-0.010175057693121603,1.4247850358115133,1.4103612615076846
Belgium,2001,-0.6877429218998359,1.4330733871749917,1.3981159547459916,-0.024695758670911894,1.4330733871749917,1.3981159547459916
Belgium,2002,-0.6791580868134123,1.4064743776639708,1.4374701099808045,0.02179855339274983,1.4064743776639708,1.4374701099808045
Belgium,2003,-0.6583639965821297,1.4103612615076846,1.466650828277406,0.03913554067524466,1.4103612615076846,1.466650828277406
Belgium,2004,-0.6267946714028716,1.3981159547459916,1.5441399566971992,0.09934144170426118,1.3981159547459916,1.5441399566971992
Belgium,2005,-0.5978960618504,1.4374701099808045,1.589210706560977,0.10035271517171335,1.4374701099808045,1.589210706560977
Belgium,2006,-0.5769619701832542,1.466650828277406,1.580799144691246,0.07494900442051461,1.466650828277406,1.580799144691246
Belgium,2007,-0.5591288774334165,1.5441399566971992,1.569109914554479,0.01604142185841667,1.5441399566971992,1.569109914554479
Belgium,2008,-0.5577103933989014,1.589210706560977,1.5277791224445985,-0.03942232978827531,1.589210706560977,1.5277791224445985
Belgium,2009,-0.5735827286920058,1.580799144691246,1.5056431438516718,-0.048710330348735176,1.580799144691246,1.5056431438516718
Belgium,2010,-0.6112240148370195,1.569109914554479,1.5170477403304967,-0.03374233322120701,1.569109914554479,1.5170477403304967
Belgium,2011,-0.6511932759146685,1.5277791224445985,1.5372482228519897,0.006178818840798184,1.5277791224445985,1.5372482228519897
Belgium,2012,-0.68845608704553,1.5056431438516718,1.5758796674069353,0.04559346072534354,1.5056431438516718,1.5758796674069353
Belgium,2013,-0.7152468109896627,1.5170477403304967,1.6027748698138196,0.054970215375955256,1.5170477403304967,1.6027748698138196
Belgium,2014,-0.7246496285551389,1.5372482228519897,1.60199669266073,0.04125680805145354,1.5372482228519897,1.60199669266073
Belgium,2015,-0.7155743761801029,1.5758796674069353,1.6379587799080944,0.03863716082028701,1.5758796674069353,1.6379587799080944
Belgium,2016,-0.6980065851684804,1.6027748698138196,1.6702450066296983,0.04123388029235947,1.6027748698138196,1.6702450066296983
Belgium,2017,-0.6569471154859354,1.60199669266073,1.5207831607716698,-0.052025311283941555,1.60199669266073,1.5207831607716698
Belgium,2018,-0.6196614457719021,1.6379587799080944,1.809308322274953,0.09949375181168896,1.6379587799080944,1.809308322274953
Albania,1992,1.5810296138437172,0.7250978621011027,0.750879327995891,0.034938281784286374,0.7250978621011027,0.750879327995891
Albania,1993,1.4874889949817978,0.7346600336633541,0.7664771577660826,0.04239698769280037,0.7346600336633541,0.7664771577660826
Albania,1994,1.4408985751238448,0.7397624676726494,0.8056028467012946,0.08526161952209843,0.7397624676726494,0.8056028467012946
Albania,1995,1.3176343827556556,0.750879327995891,0.9084629201857712,0.19050888457678505,0.750879327995891,0.9084629201857712
Albania,1996,1.1813902249866333,0.7664771577660826,0.9755903186099129,0.2412375659476243,0.7664771577660826,0.9755903186099129
Albania,1997,1.076759478987667,0.8056028467012946,1.011477960466145,0.22757673971650388,0.8056028467012946,1.011477960466145
Albania,1998,1.042900609281024,0.9084629201857712,1.0648355675608965,0.15882143524026854,0.9084629201857712,1.0648355675608965
Albania,1999,0.9932381324482883,0.9755903186099129,1.0877188886633635,0.10879517120759713,0.9755903186099129,1.0877188886633635
Albania,2000,1.0386113219769686,1.011477960466145,1.102107957414149,0.0858120011905251,1.011477960466145,1.102107957414149
Albania,2001,1.1368743539354305,1.0648355675608965,1.1176383315347993,0.048397391500153514,1.0648355675608965,1.1176383315347993
Albania,2002,1.2223105146750342,1.0877188886633635,1.1022995678262553,0.01331576110179064,1.0877188886633635,1.1022995678262553
Albania,2003,1.2445521803557982,1.102107957414149,1.0601724408038984,-0.03879306013076759,1.102107957414149,1.0601724408038984
Albania,2004,1.2371342412473803,1.1176383315347993,1.0297495219096846,-0.08190216003103329,1.1176383315347993,1.0297495219096846
Albania,2005,1.1817174883172774,1.1022995678262553,1.0068841646675628,-0.09053785095482242,1.1022995678262553,1.0068841646675628
Albania,2006,1.1074504037196113,1.0601724408038984,0.9825844972466552,-0.07600043706540442,1.0601724408038984,0.9825844972466552
Albania,2007,1.054427395654461,1.0297495219096846,0.9943173489503996,-0.035014414192766366,1.0297495219096846,0.9943173489503996
Albania,2008,1.090400381245756,1.0068841646675628,1.0158468308543642,0.008861994997312404,1.0068841646675628,1.0158468308543642
Albania,2009,1.2078660020091756,0.9825844972466552,0.998244013025242,0.015811390157824904,0.9825844972466552,0.998244013025242
Albania,2010,1.398166229411432,0.9943173489503996,0.9850678696046375,-0.009345868846488664,0.9943173489503996,0.9850678696046375
Albania,2011,1.648336107092136,1.0158468308543642,0.9687863443619308,-0.047433715196896827,1.0158468308543642,0.9687863443619308
Albania,2012,1.936537695101108,0.998244013025242,0.9488574838912832,-0.05073908401809573,0.998244013025242,0.9488574838912832
Albania,2013,2.2209698053310145,0.9850678696046375,0.9998938257601316,0.014938542102814952,0.9850678696046375,0.9998938257601316
Albania,2014,2.5059624043707767,0.9687863443619308,1.0061287516093584,0.037821191142341795,0.9687863443619308,1.0061287516093584
Albania,2015,2.704397213017471,0.9488574838912832,1.0044259045168942,0.05691274738479013,0.9488574838912832,1.0044259045168942
Albania,2016,2.795830459268706,0.9998938257601316,0.9570677551226492,-0.04377486590552369,0.9998938257601316,0.9570677551226492
Albania,2017,2.8334590275665947,1.0061287516093584,0.78057256520016,-0.25383733063182096,1.0061287516093584,0.78057256520016
Albania,2018,2.8235637719312705,1.0044259045168942,0.8082649376437699,-0.21728127846359058,1.0044259045168942,0.8082649376437699
Estonia,1992,-0.12986913569464162,3.210314451529137,4.011026897873184,0.22267833828683492,3.210314451529137,4.011026897873184
Estonia,1993,-0.12994406540287678,3.638916709343909,3.5826015541217267,-0.015596798116053634,3.638916709343909,3.5826015541217267
Estonia,1994,-0.12243083150720632,4.087303383243424,3.728292882913646,-0.0919349527977118,4.087303383243424,3.728292882913646
Estonia,1995,-0.13576791091858645,4.011026897873184,4.099731478531273,0.02187418033789479,4.011026897873184,4.099731478531273
Estonia,1996,-0.126572215640379,3.5826015541217267,4.055768553431597,0.12405094173702258,3.5826015541217267,4.055768553431597
Estonia,1997,-0.15500016447012896,3.728292882913646,4.272104881882604,0.1361561614656428,3.728292882913646,4.272104881882604
Estonia,1998,-0.1770548240260567,4.099731478531273,4.76798764563537,0.1510028259490621,4.099731478531273,4.76798764563537
Estonia,1999,-0.20923812495895447,4.055768553431597,4.976335123606635,0.20455345365217736,4.055768553431597,4.976335123606635
Estonia,2000,-0.22288982720229822,4.272104881882604,4.971657622902822,0.1516466249406776,4.272104881882604,4.971657622902822
Estonia,2001,-0.24987876720919047,4.76798764563537,5.577904614361248,0.15688881961642465,4.76798764563537,5.577904614361248
Estonia,2002,-0.2530419065955672,4.976335123606635,5.902405995734254,0.17066633098324457,4.976335123606635,5.902405995734254
Estonia,2003,-0.2578526872617501,4.971657622902822,6.503000417975098,0.26851031556006255,4.971657622902822,6.503000417975098
Estonia,2004,-0.27280794918254553,5.577904614361248,7.191849570800012,0.2541351518039878,5.577904614361248,7.191849570800012
Estonia,2005,-0.2898554702334913,5.902405995734254,6.708615618926464,0.12803252955808264,5.902405995734254,6.708615618926464
Estonia,2006,-0.29293532861369315,6.503000417975098,6.68327458842095,0.027344397974258028,6.503000417975098,6.68327458842095
Estonia,2007,-0.2868711717657346,7.191849570800012,6.192553444369385,-0.1496008454841098,7.191849570800012,6.192553444369385
Estonia,2008,-0.26356565650795605,6.708615618926464,6.586103006495928,-0.01843078676542098,6.708615618926464,6.586103006495928
Estonia,2009,-0.22207010312390252,6.68327458842095,6.854736378299384,0.02533177639958306,6.68327458842095,6.854736378299384
Estonia,2010,-0.19502539313208925,6.192553444369385,5.877781467252477,-0.05216811496914486,6.192553444369385,5.877781467252477
Estonia,2011,-0.18625574612470186,6.586103006495928,5.516216060907601,-0.1772696655874444,6.586103006495928,5.516216060907601
Estonia,2012,-0.18054600956670205,6.854736378299384,5.0313209705429385,-0.30925723452359755,6.854736378299384,5.0313209705429385
Estonia,2013,-0.19553182236925762,5.877781467252477,4.876880324669558,-0.1866736166015841,5.877781467252477,4.876880324669558
Estonia,2014,-0.21350729028251839,5.516216060907601,4.262803537072068,-0.25776502459540707,5.516216060907601,4.262803537072068
Estonia,2015,-0.2091451695737854,5.0313209705429385,3.8108931258706056,-0.2778189264745463,5.0313209705429385,3.8108931258706056
Estonia,2016,-0.20952613929017633,4.876880324669558,3.468479778832132,-0.34078926056648307,4.876880324669558,3.468479778832132
Estonia,2017,-0.20600417674310872,4.262803537072068,3.842904318031627,-0.10369861194026275,4.262803537072068,3.842904318031627
Estonia,2018,-0.17019103154897247,3.8108931258706056,4.351261898854652,0.13260228422915588,3.8108931258706056,4.351261898854652
Guatemala,1992,-0.5492126650611177,1.4891604248063854,1.378798039314823,-0.07700030047565115,1.4891604248063854,1.378798039314823
Guatemala,1993,-0.5479459712035968,1.5516223865370915,1.3020856453647178,-0.17533363952845832,1.5516223865370915,1.3020856453647178
Guatemala,1994,-0.5296822047688485,1.5513015562831296,1.4184956484800155,-0.08949732437685537,1.5513015562831296,1.4184956484800155
Guatemala,1995,-0.4952272304903965,1.378798039314823,1.5138720060978583,0.09345841286737455,1.378798039314823,1.5138720060978583
Guatemala,1996,-0.4369854230082887,1.3020856453647178,1.42468146358257,0.0899808668447789,1.3020856453647178,1.42468146358257
Guatemala,1997,-0.37241900171402614,1.4184956484800155,1.4285947213224766,0.007094336177079497,1.4184956484800155,1.4285947213224766
Guatemala,1998,-0.3047841018912124,1.5138720060978583,1.2599163762421013,-0.1836251273708923,1.5138720060978583,1.2599163762421013
Guatemala,1999,-0.23551677632760695,1.42468146358257,1.0034715498407705,-0.35048242185475903,1.42468146358257,1.0034715498407705
Guatemala,2000,-0.17844930565771625,1.4285947213224766,0.8859612703392691,-0.4777728622708662,1.4285947213224766,0.8859612703392691
Guatemala,2001,-0.1376300808181867,1.2599163762421013,0.8100675136859936,-0.44168259449748204,1.2599163762421013,0.8100675136859936
Guatemala,2002,-0.07124361211484581,1.0034715498407705,0.8094388844461855,-0.21487930565760108,1.0034715498407705,0.8094388844461855
Guatemala,2003,-0.01377011899247274,0.8859612703392691,0.827231894301664,-0.0685880966290613,0.8859612703392691,0.827231894301664
Guatemala,2004,0.007882973135402543,0.8100675136859936,0.7932597150693987,-0.020966890705953922,0.8100675136859936,0.7932597150693987
Guatemala,2005,0.006936495052438376,0.8094388844461855,0.8463028336111404,0.04453592872883108,0.8094388844461855,0.8463028336111404
Guatemala,2006,-0.011703024845356468,0.827231894301664,0.9426519463677344,0.13061191466777963,0.827231894301664,0.9426519463677344
Guatemala,2007,-0.050747564877245646,0.7932597150693987,1.0387978149361246,0.26966840080617704,0.7932597150693987,1.0387978149361246
Guatemala,2008,-0.12833189618174323,0.8463028336111404,1.2247042868142723,0.36957707532713846,0.8463028336111404,1.2247042868142723
Guatemala,2009,-0.20358620963562216,0.9426519463677344,1.3123090127160468,0.33084604830194725,0.9426519463677344,1.3123090127160468
Guatemala,2010,-0.28504453245521866,1.0387978149361246,1.395645423852553,0.29529263421229524,1.0387978149361246,1.395645423852553
Guatemala,2011,-0.3711083770463033,1.2247042868142723,1.3682897277058363,0.11086208401421166,1.2247042868142723,1.3682897277058363
Guatemala,2012,-0.443417505291961,1.3123090127160468,1.4119353863308246,0.0731731330928504,1.3123090127160468,1.4119353863308246
Guatemala,2013,-0.47519785037825496,1.395645423852553,1.4548940158041554,0.0415760497164368,1.395645423852553,1.4548940158041554
Guatemala,2014,-0.4998187810485132,1.3682897277058363,1.4235329585532397,0.039580166252393745,1.3682897277058363,1.4235329585532397
Guatemala,2015,-0.4938668566574921,1.4119353863308246,1.4347415064931732,0.016023309244278194,1.4119353863308246,1.4347415064931732
Guatemala,2016,-0.4724637606390287,1.4548940158041554,1.491563006093664,0.02489149402607821,1.4548940158041554,1.491563006093664
Guatemala,2017,-0.4563191199713497,1.4235329585532397,1.3422809095788992,-0.058771399887469655,1.4235329585532397,1.3422809095788992
Guatemala,2018,-0.43456612938524614,1.4347415064931732,1.3702086182540765,-0.04602166096613297,1.4347415064931732,1.3702086182540765
Denmark,1992,0.06790402518170573,3.4365293236999626,3.844799397220418,0.11225935376617269,3.4365293236999626,3.844799397220418
Denmark,1993,-0.0013891270573064623,3.5746934188243364,3.773631399509844,0.05415834354617344,3.5746934188243364,3.773631399509844
Denmark,1994,-0.04926669810779089,3.845391082243681,3.718986034731617,-0.03342424102126906,3.845391082243681,3.718986034731617
Denmark,1995,-0.16226525736066766,3.844799397220418,3.650567766732401,-0.05183870735699769,3.844799397220418,3.650567766732401
Denmark,1996,-0.26914991279818534,3.773631399509844,3.7792208710618143,0.0014800954373357378,3.773631399509844,3.7792208710618143
Denmark,1997,-0.3542357070610335,3.718986034731617,3.624127768046818,-0.025837409141264978,3.718986034731617,3.624127768046818
Denmark,1998,-0.40199874986923917,3.650567766732401,3.524457646036756,-0.0351561330788559,3.650567766732401,3.524457646036756
Denmark,1999,-0.4466472602503498,3.7792208710618143,3.4828609778933397,-0.08166377098886057,3.7792208710618143,3.4828609778933397
Denmark,2000,-0.45552255498717925,3.624127768046818,3.4038307218318877,-0.06271214550161663,3.624127768046818,3.4038307218318877
Denmark,2001,-0.4672282646786783,3.524457646036756,3.4628314071428803,-0.017639979909404246,3.524457646036756,3.4628314071428803
Denmark,2002,-0.4886407893867212,3.4828609778933397,3.570923219192005,0.02497008397906275,3.4828609778933397,3.570923219192005
Denmark,2003,-0.5142556212881293,3.4038307218318877,3.722894536146107,0.08959996137441406,3.4038307218318877,3.722894536146107
Denmark,2004,-0.5402740868204823,3.4628314071428803,3.818858251117617,0.0978648836906919,3.4628314071428803,3.818858251117617
Denmark,2005,-0.5813468709558047,3.570923219192005,3.9771395052093967,0.10773864783379095,3.570923219192005,3.9771395052093967
Denmark,2006,-0.6100734352504754,3.722894536146107,4.06198530394548,0.08717035595699474,3.722894536146107,4.06198530394548
Denmark,2007,-0.6268880953360124,3.818858251117617,3.969043260293356,0.03857357257702376,3.818858251117617,3.969043260293356
Denmark,2008,-0.6313120723406055,3.9771395052093967,3.829657766243062,-0.037787390800491094,3.9771395052093967,3.829657766243062
Denmark,2009,-0.6241361045875051,4.06198530394548,3.6077792731298457,-0.1185793909637034,4.06198530394548,3.6077792731298457
Denmark,2010,-0.6041455082947478,3.969043260293356,3.547694977777505,-0.1122269527981119,3.969043260293356,3.547694977777505
Denmark,2011,-0.5791440910180737,3.829657766243062,3.5971186333930394,-0.06264228087317014,3.829657766243062,3.5971186333930394
Denmark,2012,-0.5684702764196504,3.6077792731298457,3.6050004050610944,-0.000770539947062332,3.6077792731298457,3.6050004050610944
Denmark,2013,-0.5905006475409865,3.547694977777505,3.712826202474879,0.04549526315381214,3.547694977777505,3.712826202474879
Denmark,2014,-0.6236177475276063,3.5971186333930394,3.706235359292897,0.029883479922034883,3.5971186333930394,3.706235359292897
Denmark,2015,-0.6627242485788137,3.6050004050610944,3.857534143933578,0.06770625527003515,3.6050004050610944,3.857534143933578
Denmark,2016,-0.6897017576294193,3.712826202474879,3.9614210041213416,0.06480941716624389,3.712826202474879,3.9614210041213416
Denmark,2017,-0.6934459605130755,3.706235359292897,4.101256969709511,0.1012768452338988,3.706235359292897,4.101256969709511
Denmark,2018,-0.6673697768359017,3.857534143933578,3.834622961115751,-0.0059570402165916025,3.857534143933578,3.834622961115751
Russian Federation,1992,-1.0315589767565096,3.3159807048014254,4.639341690318976,0.33581897462547006,3.3159807048014254,4.639341690318976
Russian Federation,1993,-1.1013233168708683,4.178970076965246,4.498734624668365,0.07373132260047277,4.178970076965246,4.498734624668365
Russian Federation,1994,-1.1473878134758084,4.721605898774209,4.323710127302508,-0.08803509559140421,4.721605898774209,4.323710127302508
Russian Federation,1995,-1.2571591545764906,4.639341690318976,4.478708648906806,-0.03523771449183255,4.639341690318976,4.478708648906806
Russian Federation,1996,-1.3140339529420304,4.498734624668365,5.131099956831257,0.13152386262476834,4.498734624668365,5.131099956831257
Russian Federation,1997,-1.310733190174289,4.323710127302508,5.665496326708412,0.2702805892604072,4.323710127302508,5.665496326708412
Russian Federation,1998,-1.2747705436049195,4.478708648906806,5.518804289980481,0.20882642374725968,4.478708648906806,5.518804289980481
Russian Federation,1999,-1.2198054524028452,5.131099956831257,5.409298607594598,0.05279937430054771,5.131099956831257,5.409298607594598
Russian Federation,2000,-1.1688216377032654,5.665496326708412,5.884768418719856,0.03797287877465916,5.665496326708412,5.884768418719856
Russian Federation,2001,-1.1435477079355216,5.518804289980481,6.611930800860198,0.18071446156667048,5.518804289980481,6.611930800860198
Russian Federation,2002,-1.1481115553120325,5.409298607594598,8.148588740640879,0.4097252523962416,5.409298607594598,8.148588740640879
Russian Federation,2003,-1.176926604779507,5.884768418719856,8.280359090766304,0.34151889791597645,5.884768418719856,8.280359090766304
Russian Federation,2004,-1.2249472369158823,6.611930800860198,7.787330819095787,0.16362242216045808,6.611930800860198,7.787330819095787
Russian Federation,2005,-1.2526582729592606,8.148588740640879,7.295377109505384,-0.11060386236668762,8.148588740640879,7.295377109505384
Russian Federation,2006,-1.278989593795355,8.280359090766304,6.047088006432611,-0.3143094563859987,8.280359090766304,6.047088006432611
Russian Federation,2007,-1.3005429488947213,7.787330819095787,5.638005887059809,-0.32296767338234433,7.787330819095787,5.638005887059809
Russian Federation,2008,-1.3148548496717873,7.295377109505384,5.038415157702125,-0.3701492336842873,7.295377109505384,5.038415157702125
Russian Federation,2009,-1.327362914912014,6.047088006432611,4.928919200927943,-0.20445706240460715,6.047088006432611,4.928919200927943
Russian Federation,2010,-1.348692489335382,5.638005887059809,4.9290437385043,-0.1343854099637769,5.638005887059809,4.9290437385043
Russian Federation,2011,-1.346386363456903,5.038415157702125,5.013143634704335,-0.005028388479809687,5.038415157702125,5.013143634704335
Russian Federation,2012,-1.328373553911106,4.928919200927943,4.565071052340295,-0.07668564031635516,4.928919200927943,4.565071052340295
Russian Federation,2013,-1.3100952123094551,4.9290437385043,4.323840604133859,-0.13100093695589243,4.9290437385043,4.323840604133859
Russian Federation,2014,-1.2835209086171409,5.013143634704335,4.015404427988395,-0.22192506916189303,5.013143634704335,4.015404427988395
Russian Federation,2015,-1.2666484297882876,4.565071052340295,3.9438663589419463,-0.1462724924926233,4.565071052340295,3.9438663589419463
Russian Federation,2016,-1.2628148107326536,4.323840604133859,3.933781645676306,-0.09454279908343177,4.323840604133859,3.933781645676306
Russian Federation,2017,-1.2557838849335636,4.015404427988395,3.904243474786428,-0.028074032423553552,4.015404427988395,3.904243474786428
Russian Federation,2018,-1.2417789137604378,3.9438663589419463,4.067781318532032,0.030936160994285755,3.9438663589419463,4.067781318532032
Finland,1992,-0.7255183983392929,2.77773518865181,3.017530977685824,0.08280299600922802,2.77773518865181,3.017530977685824
Finland,1993,-0.746892769715908,2.7927971404159084,3.1675467802869046,0.12591370668231638,2.7927971404159084,3.1675467802869046
Finland,1994,-0.7586644646738191,2.8383775739440797,3.19635672305757,0.1187789855404735,2.8383775739440797,3.19635672305757
Finland,1995,-0.7792533520623435,3.017530977685824,3.1661883837681084,0.04808950631973441,3.017530977685824,3.1661883837681084
Finland,1996,-0.780291729947076,3.1675467802869046,3.3036412495569483,0.04206785417569203,3.1675467802869046,3.3036412495569483
Finland,1997,-0.7812872575272727,3.19635672305757,3.4392833299899475,0.07325145612719619,3.19635672305757,3.4392833299899475
Finland,1998,-0.7719961256295411,3.1661883837681084,3.43136330153175,0.08042915997918287,3.1661883837681084,3.43136330153175
Finland,1999,-0.7665364188705646,3.3036412495569483,3.42322548917252,0.03555795240513926,3.3036412495569483,3.42322548917252
Finland,2000,-0.7706123583088229,3.4392833299899475,3.508115205184398,0.019815793592852016,3.4392833299899475,3.508115205184398
Finland,2001,-0.7811315437749053,3.43136330153175,3.746538313273888,0.08787462645795951,3.43136330153175,3.746538313273888
Finland,2002,-0.7892764285452915,3.42322548917252,3.9273644110110593,0.13738529797692656,3.42322548917252,3.9273644110110593
Finland,2003,-0.7836991995198453,3.508115205184398,4.186070147555584,0.17668342070220722,3.508115205184398,4.186070147555584
Finland,2004,-0.7918307356298442,3.746538313273888,4.607417082529945,0.2068350671452286,3.746538313273888,4.607417082529945
Finland,2005,-0.7853788128928177,3.9273644110110593,4.812384977733169,0.20322418419547605,3.9273644110110593,4.812384977733169
Finland,2006,-0.7839202247679942,4.186070147555584,4.938697204888038,0.1653391547655536,4.186070147555584,4.938697204888038
Finland,2007,-0.7751674633750102,4.607417082529945,4.944319136226125,0.0705718392860768,4.607417082529945,4.944319136226125
Finland,2008,-0.7876892027538571,4.812384977733169,4.854679471088515,0.008750278782873488,4.812384977733169,4.854679471088515
Finland,2009,-0.7886553746113739,4.938697204888038,4.77078635866854,-0.03459041920531769,4.938697204888038,4.77078635866854
Finland,2010,-0.8006519705963638,4.944319136226125,4.655953996197087,-0.06009242591476793,4.944319136226125,4.655953996197087
Finland,2011,-0.8160024686199412,4.854679471088515,4.469374809300378,-0.08269452628016771,4.854679471088515,4.469374809300378
Finland,2012,-0.8472419431700221,4.77078635866854,4.349568137400648,-0.09243456466744049,4.77078635866854,4.349568137400648
Finland,2013,-0.869368945279648,4.655953996197087,4.510841722692794,-0.031663052085198595,4.655953996197087,4.510841722692794
Finland,2014,-0.8666370849494568,4.469374809300378,4.720167921929687,0.05459582860413059,4.469374809300378,4.720167921929687
Finland,2015,-0.853698449368592,4.349568137400648,4.968398034892802,0.133020871117274,4.349568137400648,4.968398034892802
Finland,2016,-0.8202792902725291,4.510841722692794,5.273711056113387,0.15625049703973137,4.510841722692794,5.273711056113387
Finland,2017,-0.7656317947536222,4.720167921929687,5.463892989891913,0.14631713302166482,4.720167921929687,5.463892989891913
Finland,2018,-0.696430338556763,4.968398034892802,5.057575379633925,0.017789729757836437,4.968398034892802,5.057575379633925
Bosnia and Herzegovina,1992,1.4089164943134491,0.1461726601971715,0.1494277836873309,0.022024547763890512,0.1461726601971715,0.1494277836873309
Bosnia and Herzegovina,1993,1.5694459407236914,0.1464839331492815,0.1482336563084016,0.011873955987802942,0.1464839331492815,0.1482336563084016
Bosnia and Herzegovina,1994,1.7534567859296561,0.1475882704402865,0.1461959798561332,-0.009478326546559668,0.1475882704402865,0.1461959798561332
Bosnia and Herzegovina,1995,1.9918091655329748,0.1494277836873309,0.14657054278907,-0.019306260100496964,0.1494277836873309,0.14657054278907
Bosnia and Herzegovina,1996,2.243953379968033,0.1482336563084016,0.1506317808316271,0.016048426125623294,0.1482336563084016,0.1506317808316271
Bosnia and Herzegovina,1997,2.3849744444291496,0.1461959798561332,0.153460956927616,0.04849780922181135,0.1461959798561332,0.153460956927616
Bosnia and Herzegovina,1998,2.425149950708124,0.14657054278907,0.1560973417882126,0.06297254877392344,0.14657054278907,0.1560973417882126
Bosnia and Herzegovina,1999,2.4227343106241026,0.1506317808316271,0.1620080437380059,0.07280719933324087,0.1506317808316271,0.1620080437380059
Bosnia and Herzegovina,2000,2.468104624806619,0.153460956927616,0.1640751016251413,0.06687765578788984,0.153460956927616,0.1640751016251413
Bosnia and Herzegovina,2001,2.6214982345799167,0.1560973417882126,0.1638219806595724,0.04830025393356041,0.1560973417882126,0.1638219806595724
Bosnia and Herzegovina,2002,2.8331006554163443,0.1620080437380059,0.1649596146939135,0.018054587365272434,0.1620080437380059,0.1649596146939135
Bosnia and Herzegovina,2003,2.928811023960319,0.1640751016251413,0.1643178046678678,0.0014781172439910506,0.1640751016251413,0.1643178046678678
Bosnia and Herzegovina,2004,2.8977815911586626,0.1638219806595724,0.1671502211415414,0.02011245985700505,0.1638219806595724,0.1671502211415414
Bosnia and Herzegovina,2005,2.7312564663366685,0.1649596146939135,0.15915845486521,-0.03580018610392921,0.1649596146939135,0.15915845486521
Bosnia and Herzegovina,2006,2.4319992157211603,0.1643178046678678,0.1591753812988003,-0.03179556800904271,0.1643178046678678,0.1591753812988003
Bosnia and Herzegovina,2007,2.0811482564614914,0.1671502211415414,0.1578199272660377,-0.05743789996065973,0.1671502211415414,0.1578199272660377
Bosnia and Herzegovina,2008,1.8386865216949735,0.15915845486521,0.1541387513193723,-0.032046893472835736,0.15915845486521,0.1541387513193723
Bosnia and Herzegovina,2009,1.6678042289532582,0.1591753812988003,0.1598780779036219,0.004404862670388976,0.1591753812988003,0.1598780779036219
Bosnia and Herzegovina,2010,1.5742800244981028,0.1578199272660377,0.1646382300937489,0.04229557723188693,0.1578199272660377,0.1646382300937489
Bosnia and Herzegovina,2011,1.5089316903871572,0.1541387513193723,0.1704899163471632,0.1008223517421476,0.1541387513193723,0.1704899163471632
Bosnia and Herzegovina,2012,1.4706269316692713,0.1598780779036219,0.1713741891337453,0.06943747510837617,0.1598780779036219,0.1713741891337453
Bosnia and Herzegovina,2013,1.4559991524176712,0.1646382300937489,0.1713211993223755,0.03978939440224272,0.1646382300937489,0.1713211993223755
Bosnia and Herzegovina,2014,1.4165226244304003,0.1704899163471632,0.170429724552551,-0.00035311219949996087,0.1704899163471632,0.170429724552551
Bosnia and Herzegovina,2015,1.3946283766362448,0.1713741891337453,0.1703735082523842,-0.005856237760672123,0.1713741891337453,0.1703735082523842
Bosnia and Herzegovina,2016,1.4112510996217187,0.1713211993223755,0.1734707228419694,0.012468615190464272,0.1713211993223755,0.1734707228419694
Bosnia and Herzegovina,2017,1.496764929793654,0.170429724552551,0.1591981753375867,-0.06817281319201607,0.170429724552551,0.1591981753375867
Bosnia and Herzegovina,2018,1.5801163529638205,0.1703735082523842,0.1500376342858851,-0.12710618090747805,0.1703735082523842,0.1500376342858851
Croatia,1992,0.1729693032937936,0.9411127605992924,0.8963361426732601,-0.04874740807650696,0.9411127605992924,0.8963361426732601
Croatia,1993,0.2286402274471569,0.9179226932824688,0.8951026042344099,-0.025174793883181654,0.9179226932824688,0.8951026042344099
Croatia,1994,0.3039389435911575,0.8777565598558452,0.9164404462064186,0.04312774897898222,0.8777565598558452,0.9164404462064186
Croatia,1995,0.4226741597446497,0.8963361426732601,0.9929703928652144,0.10238523732772233,0.8963361426732601,0.9929703928652144
Croatia,1996,0.5686693717436578,0.8951026042344099,1.151699625617797,0.2520554633907431,0.8951026042344099,1.151699625617797
Croatia,1997,0.6428448875258783,0.9164404462064186,1.257298740042336,0.3162234600834625,0.9164404462064186,1.257298740042336
Croatia,1998,0.6672860725219072,0.9929703928652144,1.3534552284831811,0.3097149141949549,0.9929703928652144,1.3534552284831811
Croatia,1999,0.6657105620539472,1.151699625617797,1.422252534154318,0.21100295464421093,1.151699625617797,1.422252534154318
Croatia,2000,0.6104314926569462,1.257298740042336,1.50952479144448,0.18282919824492627,1.257298740042336,1.50952479144448
Croatia,2001,0.4865349753240805,1.3534552284831811,1.549535747868397,0.135294523870297,1.3534552284831811,1.549535747868397
Croatia,2002,0.383393832306045,1.422252534154318,1.646718824224597,0.1465427143791891,1.422252534154318,1.646718824224597
Croatia,2003,0.29717904943153056,1.50952479144448,1.627947598222978,0.07552513740554073,1.50952479144448,1.627947598222978
Croatia,2004,0.19740484888128546,1.549535747868397,1.7240305167451164,0.10670943933211813,1.549535747868397,1.7240305167451164
Croatia,2005,0.1257463676019942,1.646718824224597,1.7507520499566462,0.06126068570929072,1.646718824224597,1.7507520499566462
Croatia,2006,0.09497782131789323,1.627947598222978,1.6170409924192792,-0.0067221439131761596,1.627947598222978,1.6170409924192792
Croatia,2007,0.09680772335206786,1.7240305167451164,1.5176801103553796,-0.1274818685735452,1.7240305167451164,1.5176801103553796
Croatia,2008,0.14305235908371886,1.7507520499566462,1.406214540059156,-0.2191439278142116,1.7507520499566462,1.406214540059156
Croatia,2009,0.18905176061869505,1.6170409924192792,1.351278778530827,-0.17954642210151006,1.6170409924192792,1.351278778530827
Croatia,2010,0.24284741196807116,1.5176801103553796,1.2719683295880853,-0.176617232007339,1.5176801103553796,1.2719683295880853
Croatia,2011,0.28794729628993904,1.406214540059156,1.2589820876738171,-0.11059775999385904,1.406214540059156,1.2589820876738171
Croatia,2012,0.2993233572482933,1.351278778530827,1.257848843894124,-0.07164833731440079,1.351278778530827,1.257848843894124
Croatia,2013,0.2717543557621151,1.2719683295880853,1.1963270031595366,-0.06130948460604174,1.2719683295880853,1.1963270031595366
Croatia,2014,0.24547084448061587,1.2589820876738171,1.2196025925368748,-0.03177844003388969,1.2589820876738171,1.2196025925368748
Croatia,2015,0.2179885727918048,1.257848843894124,1.274574740814482,0.013209580753994254,1.257848843894124,1.274574740814482
Croatia,2016,0.19455836550513736,1.1963270031595366,1.3112335182629349,0.09171220574271507,1.1963270031595366,1.3112335182629349
Croatia,2017,0.18188997255868494,1.2196025925368748,1.2198171119572454,0.00017587727495282923,1.2196025925368748,1.2198171119572454
Croatia,2018,0.2008327148306,1.274574740814482,1.2437339364720337,-0.02449447289563808,1.274574740814482,1.2437339364720337
Turkey,1992,1.1718770005685366,0.3688218869539626,0.3771713522745629,0.022385703157543735,0.3688218869539626,0.3771713522745629
Turkey,1993,1.1664521602488749,0.3716168500688867,0.3754466167306809,0.01025291726476485,0.3716168500688867,0.3754466167306809
Turkey,1994,1.1375049976677412,0.3742824329880686,0.3716914573665793,-0.006946567774911538,0.3742824329880686,0.3716914573665793
Turkey,1995,1.0754087769745604,0.3771713522745629,0.3684763796818103,-0.02332292592302454,0.3771713522745629,0.3684763796818103
Turkey,1996,1.025483109358087,0.3754466167306809,0.3667338124156691,-0.023479953865481185,0.3754466167306809,0.3667338124156691
Turkey,1997,0.9855972706075261,0.3716914573665793,0.3562908778566612,-0.042316508283770204,0.3716914573665793,0.3562908778566612
Turkey,1998,0.913925144592538,0.3684763796818103,0.3492391600047507,-0.053619501798871094,0.3684763796818103,0.3492391600047507
Turkey,1999,0.8404013613707697,0.3667338124156691,0.3481630210759098,-0.051965311226191524,0.3667338124156691,0.3481630210759098
Turkey,2000,0.788960307724021,0.3562908778566612,0.3490530606592685,-0.02052346474362543,0.3562908778566612,0.3490530606592685
Turkey,2001,0.7444287906207065,0.3492391600047507,0.3574489793257718,0.023235611280985724,0.3492391600047507,0.3574489793257718
Turkey,2002,0.7451418606772141,0.3481630210759098,0.3599375846698316,0.033259725090738046,0.3481630210759098,0.3599375846698316
Turkey,2003,0.7485234961225848,0.3490530606592685,0.3596913305469923,0.030022216861061324,0.3490530606592685,0.3596913305469923
Turkey,2004,0.8144189599969233,0.3574489793257718,0.3644430858563837,0.01937770573607067,0.3574489793257718,0.3644430858563837
Turkey,2005,0.8511818372855848,0.3599375846698316,0.3661821327031281,0.017200152081325415,0.3599375846698316,0.3661821327031281
Turkey,2006,0.8901187245208433,0.3596913305469923,0.3677304118875484,0.022103784020992112,0.3596913305469923,0.3677304118875484
Turkey,2007,0.8837673459803321,0.3644430858563837,0.358416267436572,-0.016675280939131287,0.3644430858563837,0.358416267436572
Turkey,2008,0.8757528962676702,0.3661821327031281,0.3597418902115591,-0.01774398840315916,0.3661821327031281,0.3597418902115591
Turkey,2009,0.794575488993316,0.3677304118875484,0.3683748457113238,0.0017509241534069409,0.3677304118875484,0.3683748457113238
Turkey,2010,0.6705123385059577,0.358416267436572,0.3879486457408594,0.07917769301114408,0.358416267436572,0.3879486457408594
Turkey,2011,0.5287631289047335,0.3597418902115591,0.4272118854910237,0.17189286742190746,0.3597418902115591,0.4272118854910237
Turkey,2012,0.4049505366194112,0.3683748457113238,0.4419744406458508,0.18215057953993297,0.3683748457113238,0.4419744406458508
Turkey,2013,0.3188641134418528,0.3879486457408594,0.4698417400108986,0.19152249081012962,0.3879486457408594,0.4698417400108986
Turkey,2014,0.2715783896240671,0.4272118854910237,0.4543399594290184,0.0615654782738182,0.4272118854910237,0.4543399594290184
Turkey,2015,0.31560943545534526,0.4419744406458508,0.4470900720531632,0.011507998088077898,0.4419744406458508,0.4470900720531632
Turkey,2016,0.3913739693949063,0.4698417400108986,0.4478553811244696,-0.04792543982121755,0.4698417400108986,0.4478553811244696
Turkey,2017,0.4740031166348791,0.4543399594290184,0.4448766551665744,-0.021048615975666762,0.4543399594290184,0.4448766551665744
Turkey,2018,0.5544741414443151,0.4470900720531632,0.4529204210535253,0.01295633250613426,0.4470900720531632,0.4529204210535253
Ecuador,1992,-0.2410481784448512,0.2415395152944768,0.2392732730730657,-0.00942674417842393,0.2415395152944768,0.2392732730730657
Ecuador,1993,-0.2613583162952216,0.2375446003562348,0.2476538393173936,0.041676393253168964,0.2375446003562348,0.2476538393173936
Ecuador,1994,-0.28690992643403046,0.2398995751418632,0.2466560847163389,0.02777448376488678,0.2398995751418632,0.2466560847163389
Ecuador,1995,-0.32033307603129985,0.2392732730730657,0.2770617571592395,0.14663356063040633,0.2392732730730657,0.2770617571592395
Ecuador,1996,-0.3715953697393879,0.2476538393173936,0.3052501742271574,0.20909895995755767,0.2476538393173936,0.3052501742271574
Ecuador,1997,-0.40478013336821556,0.2466560847163389,0.3304156673075719,0.2923554351896176,0.2466560847163389,0.3304156673075719
Ecuador,1998,-0.4415509218280862,0.2770617571592395,0.3995048789759661,0.36598444026463706,0.2770617571592395,0.3995048789759661
Ecuador,1999,-0.44541646360571935,0.3052501742271574,0.4377015020351398,0.3604045007493675,0.3052501742271574,0.4377015020351398
Ecuador,2000,-0.33818364061278866,0.3304156673075719,0.4359852475213459,0.27725621424869284,0.3304156673075719,0.4359852475213459
Ecuador,2001,-0.25951677841747595,0.3995048789759661,0.4102693157892828,0.026587768321473915,0.3995048789759661,0.4102693157892828
Ecuador,2002,-0.17994263371777292,0.4377015020351398,0.3797451260109168,-0.14203652050052362,0.4377015020351398,0.3797451260109168
Ecuador,2003,-0.013802030093370148,0.4359852475213459,0.3690785333835031,-0.16659854202902846,0.4359852475213459,0.3690785333835031
Ecuador,2004,0.13936950324059255,0.4102693157892828,0.4270509156445733,0.04008933888965227,0.4102693157892828,0.4270509156445733
Ecuador,2005,0.1914753034663688,0.3797451260109168,0.4814792001151424,0.2373621691322103,0.3797451260109168,0.4814792001151424
Ecuador,2006,0.2493521444868869,0.3690785333835031,0.5565924778509133,0.4108229727440167,0.3690785333835031,0.5565924778509133
Ecuador,2007,0.294572401939122,0.4270509156445733,0.576232517711538,0.29960740308812484,0.4270509156445733,0.576232517711538
Ecuador,2008,0.23283439262751676,0.4814792001151424,0.5344755783737454,0.10442280067485787,0.4814792001151424,0.5344755783737454
Ecuador,2009,0.1695954957264074,0.5565924778509133,0.4959844361403903,-0.11528856751066052,0.5565924778509133,0.4959844361403903
Ecuador,2010,0.08155797780446088,0.576232517711538,0.4813589049810969,-0.17989775771669259,0.576232517711538,0.4813589049810969
Ecuador,2011,0.01709543671603942,0.5344755783737454,0.4698164007765249,-0.12894379958252344,0.5344755783737454,0.4698164007765249
Ecuador,2012,-0.03162041671359348,0.4959844361403903,0.4653251116877709,-0.06380808843549501,0.4959844361403903,0.4653251116877709
Ecuador,2013,-0.03170310300824016,0.4813589049810969,0.4799067714027588,-0.003021290986116143,0.4813589049810969,0.4799067714027588
Ecuador,2014,-0.042251921181000046,0.4698164007765249,0.4894655397777352,0.040971993486549674,0.4698164007765249,0.4894655397777352
Ecuador,2015,-0.015027782836271745,0.4653251116877709,0.5816712973780195,0.22316875098945343,0.4653251116877709,0.5816712973780195
Ecuador,2016,0.016988348534758654,0.4799067714027588,0.6369875849360593,0.2831577928448108,0.4799067714027588,0.6369875849360593
Ecuador,2017,0.03849364503601431,0.4894655397777352,0.5789919233688691,0.1679741516220884,0.4894655397777352,0.5789919233688691
Ecuador,2018,0.04875204568736232,0.5816712973780195,0.5878722881904349,0.010604202173583155,0.5816712973780195,0.5878722881904349
Bulgaria,1992,0.6347022461641033,0.4382746143532953,0.4567390242470174,0.041266385298624475,0.4382746143532953,0.4567390242470174
Bulgaria,1993,0.663945594241996,0.4572083369172426,0.4524999156138606,-0.010351567071875123,0.4572083369172426,0.4524999156138606
Bulgaria,1994,0.7134390782360711,0.4570574826343342,0.47724915999325,0.043229444385604054,0.4570574826343342,0.47724915999325
Bulgaria,1995,0.782163510697849,0.4567390242470174,0.509143261104776,0.10861704274196982,0.4567390242470174,0.509143261104776
Bulgaria,1996,0.8233940659810887,0.4524999156138606,0.5553471100666643,0.20480535587419346,0.4524999156138606,0.5553471100666643
Bulgaria,1997,0.8239264442079607,0.47724915999325,0.6089081451160089,0.24362827173306506,0.47724915999325,0.6089081451160089
Bulgaria,1998,0.7647793538390074,0.509143261104776,0.6192154965691735,0.1957235666341659,0.509143261104776,0.6192154965691735
Bulgaria,1999,0.6551042773133409,0.5553471100666643,0.6123658809026694,0.09773643902777135,0.5553471100666643,0.6123658809026694
Bulgaria,2000,0.5122422807899539,0.6089081451160089,0.6351486835219865,0.04219162361769346,0.6089081451160089,0.6351486835219865
Bulgaria,2001,0.3708539795894857,0.6192154965691735,0.6710401935220652,0.08037556266064072,0.6192154965691735,0.6710401935220652
Bulgaria,2002,0.25053241630376816,0.6123658809026694,0.7177990320169892,0.15885944182189365,0.6123658809026694,0.7177990320169892
Bulgaria,2003,0.16438848529246258,0.6351486835219865,0.7447238400875416,0.15915411479509406,0.6351486835219865,0.7447238400875416
Bulgaria,2004,0.10653461203265617,0.6710401935220652,0.7913404782471916,0.16489905276716804,0.6710401935220652,0.7913404782471916
Bulgaria,2005,0.11880398296139073,0.7177990320169892,0.7887096220455773,0.09420846478491607,0.7177990320169892,0.7887096220455773
Bulgaria,2006,0.1792522628947336,0.7447238400875416,0.7491535576526734,0.005930506244242795,0.7447238400875416,0.7491535576526734
Bulgaria,2007,0.2914856320933384,0.7913404782471916,0.7224990635972658,-0.09101207108404175,0.7913404782471916,0.7224990635972658
Bulgaria,2008,0.44372343938470094,0.7887096220455773,0.6843931877356736,-0.14186543861687018,0.7887096220455773,0.6843931877356736
Bulgaria,2009,0.6212390882754112,0.7491535576526734,0.6570353502621189,-0.1312059696377028,0.7491535576526734,0.6570353502621189
Bulgaria,2010,0.7368955791630801,0.7224990635972658,0.6418905850290898,-0.11829808925197638,0.7224990635972658,0.6418905850290898
Bulgaria,2011,0.7755373290028619,0.6843931877356736,0.6505210536067554,-0.050758849561106545,0.6843931877356736,0.6505210536067554
Bulgaria,2012,0.765714781064884,0.6570353502621189,0.6427435215271268,-0.02199202197793121,0.6570353502621189,0.6427435215271268
Bulgaria,2013,0.7314589043887498,0.6418905850290898,0.6329677339745492,-0.013998391239358032,0.6418905850290898,0.6329677339745492
Bulgaria,2014,0.6311251155404223,0.6505210536067554,0.6371358939699115,-0.020790663249827535,0.6505210536067554,0.6371358939699115
Bulgaria,2015,0.5517174151711857,0.6427435215271268,0.6604340067367529,0.027151396404838324,0.6427435215271268,0.6604340067367529
Bulgaria,2016,0.5090333242384948,0.6329677339745492,0.6896977518457127,0.0858338832103761,0.6329677339745492,0.6896977518457127
Bulgaria,2017,0.5079189267585241,0.6371358939699115,0.6672530994930286,0.046186395454472895,0.6371358939699115,0.6672530994930286
Bulgaria,2018,0.5022223053740921,0.6604340067367529,0.7092853465409825,0.07136059979570142,0.6604340067367529,0.7092853465409825
Costa Rica,1992,0.2039297963542663,0.2748977097605135,0.3233772874550059,0.16242010485756153,0.2748977097605135,0.3233772874550059
Costa Rica,1993,0.16159174120180325,0.2793264634151494,0.3173535601591826,0.12763483757779936,0.2793264634151494,0.3173535601591826
Costa Rica,1994,0.11880833460081153,0.3007520076899062,0.3374632188069547,0.11517013090625383,0.3007520076899062,0.3374632188069547
Costa Rica,1995,0.042134073752582255,0.3233772874550059,0.3456729270060745,0.0666731166846195,0.3233772874550059,0.3456729270060745
Costa Rica,1996,-0.028214394079014913,0.3173535601591826,0.3833907711976225,0.18903773252881362,0.3173535601591826,0.3833907711976225
Costa Rica,1997,-0.09027581540679909,0.3374632188069547,0.3941605001104193,0.15530123772731907,0.3374632188069547,0.3941605001104193
Costa Rica,1998,-0.1503466098431127,0.3456729270060745,0.4066323667479402,0.16241603744468724,0.3456729270060745,0.4066323667479402
Costa Rica,1999,-0.2161897306525709,0.3833907711976225,0.3990857392971639,0.040121417313045304,0.3833907711976225,0.3990857392971639
Costa Rica,2000,-0.2692311396360331,0.3941605001104193,0.4020399300101734,0.01979317531203728,0.3941605001104193,0.4020399300101734
Costa Rica,2001,-0.31354730475973397,0.4066323667479402,0.378930722946539,-0.07055592234384755,0.4066323667479402,0.378930722946539
Costa Rica,2002,-0.3443998291386098,0.3990857392971639,0.2982620967648995,-0.29120281293545724,0.3990857392971639,0.2982620967648995
Costa Rica,2003,-0.3791763117523272,0.4020399300101734,0.2932427024322314,-0.3155498871607474,0.4020399300101734,0.2932427024322314
Costa Rica,2004,-0.3724841812675877,0.378930722946539,0.2495772019282331,-0.41758373765321977,0.378930722946539,0.2495772019282331
Costa Rica,2005,-0.3424754484571729,0.2982620967648995,0.2524467402139818,-0.1667717142057601,0.2982620967648995,0.2524467402139818
Costa Rica,2006,-0.339398557758336,0.2932427024322314,0.2421728180594,-0.19134828744331056,0.2932427024322314,0.2421728180594
Costa Rica,2007,-0.31595721581955893,0.2495772019282331,0.2702685053061184,0.07964732829727783,0.2495772019282331,0.2702685053061184
Costa Rica,2008,-0.28271349826153025,0.2524467402139818,0.2653855716004792,0.049983265940178656,0.2524467402139818,0.2653855716004792
Costa Rica,2009,-0.2653907281225558,0.2421728180594,0.2682664534089726,0.10232871858281034,0.2421728180594,0.2682664534089726
Costa Rica,2010,-0.3000782642966588,0.2702685053061184,0.2737231627940822,0.012701265228441505,0.2702685053061184,0.2737231627940822
Costa Rica,2011,-0.30860652889705115,0.2653855716004792,0.2726745422718169,0.027095074739110547,0.2653855716004792,0.2726745422718169
Costa Rica,2012,-0.33741822574050645,0.2682664534089726,0.2929872300445242,0.08814799435312004,0.2682664534089726,0.2929872300445242
Costa Rica,2013,-0.34482148343458036,0.2737231627940822,0.3251923264991284,0.17229896205366746,0.2737231627940822,0.3251923264991284
Costa Rica,2014,-0.3492698049356712,0.2726745422718169,0.3311022332871177,0.1941476112703142,0.2726745422718169,0.3311022332871177
Costa Rica,2015,-0.33407834352561583,0.2929872300445242,0.3559720311562726,0.19472253508974546,0.2929872300445242,0.3559720311562726
Costa Rica,2016,-0.31725600726970604,0.3251923264991284,0.363080547489748,0.11020760152449105,0.3251923264991284,0.363080547489748
Costa Rica,2017,-0.3001860943796582,0.3311022332871177,0.3557256005336259,0.0717322499839228,0.3311022332871177,0.3557256005336259
Costa Rica,2018,-0.2908891777189747,0.3559720311562726,0.3956296495776394,0.10562610012608198,0.3559720311562726,0.3956296495776394
United Kingdom,1992,-1.4404655364565138,1.5295826521738531,2.1660238669330023,0.347898053481345,1.5295826521738531,2.1660238669330023
United Kingdom,1993,-1.4292179054046465,1.698640879743875,2.390173034116799,0.34153714340666297,1.698640879743875,2.390173034116799
United Kingdom,1994,-1.422087758550777,1.9220571877762127,2.574883484879291,0.2924080881811574,1.9220571877762127,2.574883484879291
United Kingdom,1995,-1.4194559999488774,2.1660238669330023,2.7832565427718943,0.25072839059068874,2.1660238669330023,2.7832565427718943
United Kingdom,1996,-1.4196815853949354,2.390173034116799,2.9778400543417423,0.21983237863276184,2.390173034116799,2.9778400543417423
United Kingdom,1997,-1.4261302445255235,2.574883484879291,3.0796435375023163,0.17900950755500578,2.574883484879291,3.0796435375023163
United Kingdom,1998,-1.4447917927630065,2.7832565427718943,3.230865517415201,0.14912835321966167,2.7832565427718943,3.230865517415201
United Kingdom,1999,-1.460650175378761,2.9778400543417423,3.2442496233673745,0.08568583123328133,2.9778400543417423,3.2442496233673745
United Kingdom,2000,-1.4674285795772661,3.0796435375023163,3.1863547075888983,0.03406367190987791,3.0796435375023163,3.1863547075888983
United Kingdom,2001,-1.4666697910885689,3.230865517415201,3.167473601897179,-0.01981575806415692,3.230865517415201,3.167473601897179
United Kingdom,2002,-1.459082416171285,3.2442496233673745,3.24585551626897,0.0004948740906176585,3.2442496233673745,3.24585551626897
United Kingdom,2003,-1.450335997674049,3.1863547075888983,3.480007592997322,0.08815691070215781,3.1863547075888983,3.480007592997322
United Kingdom,2004,-1.444422715729069,3.167473601897179,3.722066340458548,0.16134463576544067,3.167473601897179,3.722066340458548
United Kingdom,2005,-1.4412514411331014,3.24585551626897,3.9169329469011465,0.1879299264845926,3.24585551626897,3.9169329469011465
United Kingdom,2006,-1.4381083979632532,3.480007592997322,3.8914389917172154,0.11174450391534729,3.480007592997322,3.8914389917172154
United Kingdom,2007,-1.4315719976792036,3.722066340458548,3.795904665421718,0.019643778787850952,3.722066340458548,3.795904665421718
United Kingdom,2008,-1.4256482865015712,3.9169329469011465,3.676219279093176,-0.0634240650740332,3.9169329469011465,3.676219279093176
United Kingdom,2009,-1.4260102855258991,3.8914389917172154,3.6804043353332094,-0.05575637536453226,3.8914389917172154,3.6804043353332094
United Kingdom,2010,-1.430708924765133,3.795904665421718,3.912799900143011,0.030330430902975936,3.795904665421718,3.912799900143011
United Kingdom,2011,-1.437580151813336,3.676219279093176,4.204812057806498,0.13434470903407947,3.676219279093176,4.204812057806498
United Kingdom,2012,-1.4476161240123555,3.6804043353332094,4.587941015360981,0.22040866927515235,3.6804043353332094,4.587941015360981
United Kingdom,2013,-1.4563524621665038,3.912799900143011,4.952828081449873,0.23570548463080332,3.912799900143011,4.952828081449873
United Kingdom,2014,-1.4615615128089796,4.204812057806498,5.192159024002973,0.21091996487514209,4.204812057806498,5.192159024002973
United Kingdom,2015,-1.4638225375414893,4.587941015360981,5.60513709789486,0.20025213369904882,4.587941015360981,5.60513709789486
United Kingdom,2016,-1.4643512146868407,4.952828081449873,5.658657165994868,0.13322784603837934,4.952828081449873,5.658657165994868
United Kingdom,2017,-1.4667432461918246,5.192159024002973,5.022879439823337,-0.033146238249887494,5.192159024002973,5.022879439823337
United Kingdom,2018,-1.4625424737883315,5.60513709789486,5.20611695379953,-0.07384923096478202,5.60513709789486,5.20611695379953
Cyprus,1992,1.3155436921523256,1.1836821409084228,1.2238408216657848,0.033364061904051084,1.1836821409084228,1.2238408216657848
Cyprus,1993,1.2858073935500902,1.1992499658234457,1.229543527540477,0.024946631236757694,1.1992499658234457,1.229543527540477
Cyprus,1994,1.2675699194545131,1.2127474486088423,1.2462425096154304,0.027244605440631425,1.2127474486088423,1.2462425096154304
Cyprus,1995,1.2575081274009496,1.2238408216657848,1.2494892866657918,0.02074075241185283,1.2238408216657848,1.2494892866657918
Cyprus,1996,1.240994992654578,1.229543527540477,1.2473190500945193,0.01435349182481685,1.229543527540477,1.2473190500945193
Cyprus,1997,1.2220482541694446,1.2462425096154304,1.2454278382233774,-0.0006539153687597776,1.2462425096154304,1.2454278382233774
Cyprus,1998,1.233932680717642,1.2494892866657918,1.2238257313384522,-0.020753082780124527,1.2494892866657918,1.2238257313384522
Cyprus,1999,1.2135669502413045,1.2473190500945193,1.195517715861936,-0.042417126764971586,1.2473190500945193,1.195517715861936
Cyprus,2000,1.1487323763002195,1.2454278382233774,1.1889370009406517,-0.04641944649928309,1.2454278382233774,1.1889370009406517
Cyprus,2001,1.0793109168475483,1.2238257313384522,1.1804569273405348,-0.03608017749192219,1.2238257313384522,1.1804569273405348
Cyprus,2002,0.9824046403994176,1.195517715861936,1.2533507272809334,0.04724118159548912,1.195517715861936,1.2533507272809334
Cyprus,2003,0.87544871112238,1.1889370009406517,1.2326597254331015,0.03611455198263805,1.1889370009406517,1.2326597254331015
Cyprus,2004,0.8029826878701357,1.1804569273405348,1.2403438041913917,0.04948697164578697,1.1804569273405348,1.2403438041913917
Cyprus,2005,0.7892788335902968,1.2533507272809334,1.2694406416610322,0.012755806911688344,1.2533507272809334,1.2694406416610322
Cyprus,2006,0.7595218010730673,1.2326597254331015,1.2709412413975014,0.030583523278902458,1.2326597254331015,1.2709412413975014
Cyprus,2007,0.7367817770453546,1.2403438041913917,1.2395127891204811,-0.0006702116840519023,1.2403438041913917,1.2395127891204811
Cyprus,2008,0.7189581141787965,1.2694406416610322,1.1755164660356787,-0.07686870428361162,1.2694406416610322,1.1755164660356787
Cyprus,2009,0.6786584694331012,1.2709412413975014,1.1411609741839452,-0.10771152884470234,1.2709412413975014,1.1411609741839452
Cyprus,2010,0.6088851576779094,1.2395127891204811,1.087409041195188,-0.13092043735636916,1.2395127891204811,1.087409041195188
Cyprus,2011,0.5596206653290733,1.1755164660356787,1.0929894307370966,-0.07279099316385132,1.1755164660356787,1.0929894307370966
Cyprus,2012,0.5197323343159926,1.1411609741839452,1.106022308273028,-0.03127604163170408,1.1411609741839452,1.106022308273028
Cyprus,2013,0.46728202915574624,1.087409041195188,1.0810703088996363,-0.005846257658074977,1.087409041195188,1.0810703088996363
Cyprus,2014,0.45612021447377915,1.0929894307370966,1.1222922069854255,0.026456644147700936,1.0929894307370966,1.1222922069854255
Cyprus,2015,0.47238527919339596,1.106022308273028,1.1269253564999744,0.018722910936069467,1.106022308273028,1.1269253564999744
Cyprus,2016,0.5321500486583055,1.0810703088996363,1.1401758284323456,0.05323086087661055,1.0810703088996363,1.1401758284323456
Cyprus,2017,0.5756296836122599,1.1222922069854255,0.9947208255593076,-0.12066625147331844,1.1222922069854255,0.9947208255593076
Cyprus,2018,0.6855153458175188,1.1269253564999744,1.0516257925577432,-0.0691555967548311,1.1269253564999744,1.0516257925577432
Ukraine,1992,0.16426508893383554,2.4504744647138845,3.229990690954612,0.2761974918132002,2.4504744647138845,3.229990690954612
Ukraine,1993,0.1519431555983666,2.6817860530859847,3.1224943373560685,0.1521490866196623,2.6817860530859847,3.1224943373560685
Ukraine,1994,0.1403411381950923,2.898200308070674,2.869707060453759,-0.009880002467242521,2.898200308070674,2.869707060453759
Ukraine,1995,0.1475527867587431,3.229990690954612,2.571982891688386,-0.2278020213672617,3.229990690954612,2.571982891688386
Ukraine,1996,0.1560413887824749,3.1224943373560685,2.608751527192553,-0.17976032163006272,3.1224943373560685,2.608751527192553
Ukraine,1997,0.16865359359966814,2.869707060453759,2.72450874011647,-0.05192180345607822,2.869707060453759,2.72450874011647
Ukraine,1998,0.187316932169624,2.571982891688386,2.725892092044212,0.058118571215708514,2.571982891688386,2.725892092044212
Ukraine,1999,0.2149893360715161,2.608751527192553,2.810406252753361,0.07445725450404361,2.608751527192553,2.810406252753361
Ukraine,2000,0.2214219068489649,2.72450874011647,2.836853728616412,0.04040744848392386,2.72450874011647,2.836853728616412
Ukraine,2001,0.22136870791851074,2.725892092044212,3.0539412307744382,0.11363717607577573,2.725892092044212,3.0539412307744382
Ukraine,2002,0.1956463587280402,2.810406252753361,3.2827494527724106,0.15535222103188762,2.810406252753361,3.2827494527724106
Ukraine,2003,0.1460844621412121,2.836853728616412,3.1861554061187656,0.11611935344196689,2.836853728616412,3.1861554061187656
Ukraine,2004,0.08548064533628874,3.0539412307744382,3.357392332090815,0.09473158817500482,3.0539412307744382,3.357392332090815
Ukraine,2005,0.02929665472672586,3.2827494527724106,3.2732704162694155,-0.0028917057623110143,3.2827494527724106,3.2732704162694155
Ukraine,2006,0.011509190218667765,3.1861554061187656,2.5510579096613952,-0.22230677030610002,3.1861554061187656,2.5510579096613952
Ukraine,2007,0.033117948667306066,3.357392332090815,2.1875400602854462,-0.4283867693809369,3.357392332090815,2.1875400602854462
Ukraine,2008,0.09641845341821399,3.2732704162694155,1.995140733686923,-0.49507482564650085,3.2732704162694155,1.995140733686923
Ukraine,2009,0.17059074016652376,2.5510579096613952,1.94959888319306,-0.2688843682494768,2.5510579096613952,1.94959888319306
Ukraine,2010,0.26015750061564646,2.1875400602854462,1.90190453941029,-0.1399218104219042,2.1875400602854462,1.90190453941029
Ukraine,2011,0.3240887815958217,1.995140733686923,1.8110401081597884,-0.09681321447970825,1.995140733686923,1.8110401081597884
Ukraine,2012,0.36649949606964655,1.94959888319306,1.6088872051417311,-0.1920807787752804,1.94959888319306,1.6088872051417311
Ukraine,2013,0.3773560303178447,1.90190453941029,1.5398198051258682,-0.21119024972049605,1.90190453941029,1.5398198051258682
Ukraine,2014,0.36875304009641996,1.8110401081597884,1.5645615816962724,-0.14629559338217452,1.8110401081597884,1.5645615816962724
Ukraine,2015,0.33029699799427076,1.6088872051417311,1.6503559294817762,0.025448200776251317,1.6088872051417311,1.6503559294817762
Ukraine,2016,0.2891944896587842,1.5398198051258682,1.704466193679331,0.10158651617528003,1.5398198051258682,1.704466193679331
Ukraine,2017,0.38626203169927553,1.5645615816962724,1.6633141661249935,0.06120641445532343,1.5645615816962724,1.6633141661249935
Ukraine,2018,0.5897681595356742,1.6503559294817762,1.7007826207942762,0.030097512847638286,1.6503559294817762,1.7007826207942762
Czechia,1992,0.393605363675406,0.4824721596836277,0.4950478005205291,0.025731052986410763,0.4824721596836277,0.4950478005205291
Czechia,1993,0.40780766320757683,0.4766946553014076,0.4993981583599589,0.046527444487502456,0.4766946553014076,0.4993981583599589
Czechia,1994,0.41794144466269717,0.4822081547081082,0.5287904010531778,0.09221607629989304,0.4822081547081082,0.5287904010531778
Czechia,1995,0.4462546728616749,0.4950478005205291,0.5476064091294337,0.10090227888851488,0.4950478005205291,0.5476064091294337
Czechia,1996,0.4121331116613432,0.4993981583599589,0.6161866398989371,0.21014583483298388,0.4993981583599589,0.6161866398989371
Czechia,1997,0.343685668442406,0.5287904010531778,0.6573464947945594,0.21761876290813792,0.5287904010531778,0.6573464947945594
Czechia,1998,0.24420748198063605,0.5476064091294337,0.6717044952922789,0.20426136990193888,0.5476064091294337,0.6717044952922789
Czechia,1999,0.13140610961872354,0.6161866398989371,0.6608727151311141,0.07001124298542305,0.6161866398989371,0.6608727151311141
Czechia,2000,0.019122102355138,0.6573464947945594,0.6806562834612895,0.034846134577544596,0.6573464947945594,0.6806562834612895
Czechia,2001,-0.0767963376093449,0.6717044952922789,0.6688763883852914,-0.004219226035011903,0.6717044952922789,0.6688763883852914
Czechia,2002,-0.13912474736026478,0.6608727151311141,0.6645345040223929,0.005525536045820567,0.6608727151311141,0.6645345040223929
Czechia,2003,-0.18624818326154366,0.6806562834612895,0.6386761402745001,-0.06365985573963845,0.6806562834612895,0.6386761402745001
Czechia,2004,-0.21592464950150142,0.6688763883852914,0.6590901359899006,-0.014738948064092317,0.6688763883852914,0.6590901359899006
Czechia,2005,-0.20526114643894608,0.6645345040223929,0.6544349075716575,-0.015314651639270926,0.6645345040223929,0.6544349075716575
Czechia,2006,-0.1096845506956673,0.6386761402745001,0.6516336321377312,0.020084955792732728,0.6386761402745001,0.6516336321377312
Czechia,2007,0.004270124264708305,0.6590901359899006,0.6572980249376232,-0.002722767478237964,0.6590901359899006,0.6572980249376232
Czechia,2008,0.15258008666369097,0.6544349075716575,0.6536938867216165,-0.0011329462352481778,0.6544349075716575,0.6536938867216165
Czechia,2009,0.2856082843504657,0.6516336321377312,0.6650903839926293,0.020440426054286642,0.6516336321377312,0.6650903839926293
Czechia,2010,0.37257638859738834,0.6572980249376232,0.6806268029187977,0.034876560000493884,0.6572980249376232,0.6806268029187977
Czechia,2011,0.3737287516387024,0.6536938867216165,0.6630339280891666,0.01418696215081744,0.6536938867216165,0.6630339280891666
Czechia,2012,0.3451821370740377,0.6650903839926293,0.672856903712142,0.011609717984444656,0.6650903839926293,0.672856903712142
Czechia,2013,0.29931191552997033,0.6806268029187977,0.670305110540425,-0.015281122382983847,0.6806268029187977,0.670305110540425
Czechia,2014,0.2580334066990974,0.6630339280891666,0.7046031658506238,0.06080850756983486,0.6630339280891666,0.7046031658506238
Czechia,2015,0.21801521712265742,0.672856903712142,0.7477982920908108,0.10560044714990197,0.672856903712142,0.7477982920908108
Czechia,2016,0.19064503703360933,0.670305110540425,0.7988166624181663,0.17539822303660188,0.670305110540425,0.7988166624181663
Czechia,2017,0.17618285820467636,0.7046031658506238,0.7530655590308105,0.06651743744858507,0.7046031658506238,0.7530655590308105
Czechia,2018,0.1786488348273903,0.7477982920908108,0.7669510831065313,0.025289710395342446,0.7477982920908108,0.7669510831065313
Austria,1992,-0.5775074455817445,1.4103351376432334,1.8678794325434112,0.2809762580135867,1.4103351376432334,1.8678794325434112
Austria,1993,-0.5695068437022848,1.6325627250727603,1.851275926422468,0.12572401481613543,1.6325627250727603,1.851275926422468
Austria,1994,-0.5693414689361126,1.802628599291332,1.754167105413216,-0.027251756809731797,1.802628599291332,1.754167105413216
Austria,1995,-0.5789755295539922,1.8678794325434112,1.7280655425740767,-0.07780115140912336,1.8678794325434112,1.7280655425740767
Austria,1996,-0.5956399861111021,1.851275926422468,1.7611466020840398,-0.04990998829067639,1.851275926422468,1.7611466020840398
Austria,1997,-0.6125100266195553,1.754167105413216,1.8610544975410088,0.05914906804200837,1.754167105413216,1.8610544975410088
Austria,1998,-0.6278042823863907,1.7280655425740767,1.8386510942439995,0.062029567618961834,1.7280655425740767,1.8386510942439995
Austria,1999,-0.6397270346509497,1.7611466020840398,1.8446212222951528,0.04630885576452193,1.7611466020840398,1.8446212222951528
Austria,2000,-0.6350171005009533,1.8610544975410088,1.9768230165701317,0.060347726264314505,1.8610544975410088,1.9768230165701317
Austria,2001,-0.6098808732736021,1.8386510942439995,2.071100087021833,0.11904764625877651,1.8386510942439995,2.071100087021833
Austria,2002,-0.5821682619610656,1.8446212222951528,2.1406679425477497,0.1488438712000809,1.8446212222951528,2.1406679425477497
Austria,2003,-0.5605610298135224,1.9768230165701317,2.1528291469998297,0.08529179912118534,1.9768230165701317,2.1528291469998297
Austria,2004,-0.5492183558213524,2.071100087021833,2.189886639028515,0.055769844180275085,2.071100087021833,2.189886639028515
Austria,2005,-0.5646391409338791,2.1406679425477497,2.237071365820391,0.04404966131651633,2.1406679425477497,2.237071365820391
Austria,2006,-0.5958262314591969,2.1528291469998297,2.2708733227286784,0.05338159757866001,2.1528291469998297,2.2708733227286784
Austria,2007,-0.6334931235514318,2.189886639028515,2.2602532641976563,0.03162707710546753,2.189886639028515,2.2602532641976563
Austria,2008,-0.673929617074378,2.237071365820391,2.206972207335033,-0.013546044136139579,2.237071365820391,2.206972207335033
Austria,2009,-0.7210773450207193,2.2708733227286784,2.088622331029262,-0.0836597658787277,2.2708733227286784,2.088622331029262
Austria,2010,-0.750143328008618,2.2602532641976563,1.9584887782170424,-0.14330365831752168,2.2602532641976563,1.9584887782170424
Austria,2011,-0.7687822595757376,2.206972207335033,1.8342383780190796,-0.1849920996607729,2.206972207335033,1.8342383780190796
Austria,2012,-0.7848350849011934,2.088622331029262,1.7971576504388933,-0.15029826547462022,2.088622331029262,1.7971576504388933
Austria,2013,-0.8047935970063934,1.9584887782170424,1.748014991691653,-0.11369222916394983,1.9584887782170424,1.748014991691653
Austria,2014,-0.807178522827823,1.8342383780190796,1.7292937534504684,-0.05891621925292967,1.8342383780190796,1.7292937534504684
Austria,2015,-0.7989779391975286,1.7971576504388933,1.8305346539304057,0.01840174090783875,1.7971576504388933,1.8305346539304057
Austria,2016,-0.7788337075084599,1.748014991691653,1.9073681077290947,0.08724343626425302,1.748014991691653,1.9073681077290947
Austria,2017,-0.7483644634915952,1.7292937534504684,1.7704192608199507,0.023503285463939205,1.7292937534504684,1.7704192608199507
Austria,2018,-0.7127125461197055,1.8305346539304057,1.8439050408041897,0.0072775387366897926,1.8305346539304057,1.8439050408041897
San Marino,1992,1.4459469804761447,0.0841155420418973,0.085159292527145,0.012332032502669676,0.0841155420418973,0.085159292527145
San Marino,1993,1.4226676578030304,0.0846201038908137,0.0863344097306344,0.020056133198581794,0.0846201038908137,0.0863344097306344
San Marino,1994,1.4200681431173627,0.0851255412154868,0.0864188254726811,0.01507824134990532,0.0851255412154868,0.0864188254726811
San Marino,1995,1.4096665569252462,0.085159292527145,0.0875438240582769,0.027615662098021687,0.085159292527145,0.0875438240582769
San Marino,1996,1.3973206889490888,0.0863344097306344,0.0884860398995727,0.02461627580129866,0.0863344097306344,0.0884860398995727
San Marino,1997,1.3800376338625855,0.0864188254726811,0.0905704320928579,0.04692173328493299,0.0864188254726811,0.0905704320928579
San Marino,1998,1.3683814609881058,0.0875438240582769,0.0904176737047452,0.03229987644907739,0.0875438240582769,0.0904176737047452
San Marino,1999,1.343496430206558,0.0884860398995727,0.0896306186712698,0.012852045209566842,0.0884860398995727,0.0896306186712698
San Marino,2000,1.3125646751465072,0.0905704320928579,0.0922086004021072,0.017925406716087,0.0905704320928579,0.0922086004021072
San Marino,2001,1.3111429438267836,0.0904176737047452,0.0929658094077962,0.027791727768969654,0.0904176737047452,0.0929658094077962
San Marino,2002,1.322735588361066,0.0896306186712698,0.0953636115188494,0.06199941650905183,0.0896306186712698,0.0953636115188494
San Marino,2003,1.3709893068414012,0.0922086004021072,0.0971036902613931,0.05172542656547874,0.0922086004021072,0.0971036902613931
San Marino,2004,1.4038226304196582,0.0929658094077962,0.0995877177843591,0.06880634155165444,0.0929658094077962,0.0995877177843591
San Marino,2005,1.4216889618066286,0.0953636115188494,0.1022498283838752,0.06972133524776991,0.0953636115188494,0.1022498283838752
San Marino,2006,1.3982053542004549,0.0971036902613931,0.1049807133268667,0.0779964986547621,0.0971036902613931,0.1049807133268667
San Marino,2007,1.3645113046210373,0.0995877177843591,0.1077428281704757,0.07870756526603762,0.0995877177843591,0.1077428281704757
San Marino,2008,1.3237462895054204,0.1022498283838752,0.1094430946379881,0.06798497118575231,0.1022498283838752,0.1094430946379881
San Marino,2009,1.2874405039847638,0.1049807133268667,0.1117225829563373,0.06224163522307258,0.1049807133268667,0.1117225829563373
San Marino,2010,1.265359849238551,0.1077428281704757,0.1145437495060705,0.06120912383945187,0.1077428281704757,0.1145437495060705
San Marino,2011,1.232736125481241,0.1094430946379881,0.1177570753248183,0.0732184431686056,0.1094430946379881,0.1177570753248183
San Marino,2012,1.2114663010409816,0.1117225829563373,0.1185661714559929,0.05945183628614936,0.1117225829563373,0.1185661714559929
San Marino,2013,1.1773210218185446,0.1145437495060705,0.1204030850555174,0.049887889309203626,0.1145437495060705,0.1204030850555174
San Marino,2014,1.208897520201316,0.1177570753248183,0.1219361720641326,0.03487361820480306,0.1177570753248183,0.1219361720641326
San Marino,2015,1.261819859227248,0.1185661714559929,0.1222925989862693,0.030945054991690313,0.1185661714559929,0.1222925989862693
San Marino,2016,1.3503911521213439,0.1204030850555174,0.1227548830483846,0.01934423126890028,0.1204030850555174,0.1227548830483846
San Marino,2017,1.477346379202354,0.1219361720641326,0.0915507215561685,-0.28660185351352396,0.1219361720641326,0.0915507215561685
San Marino,2018,1.624029660527691,0.1222925989862693,0.0880270035066621,-0.3287697171762409,0.1222925989862693,0.0880270035066621
Republic of Moldova,1992,-0.23795331252778393,0.727747288950921,0.9329292578952793,0.24837521619977426,0.727747288950921,0.9329292578952793
Republic of Moldova,1993,-0.25728042352948344,0.7548484115174562,0.9348157850442824,0.2138322838518476,0.7548484115174562,0.9348157850442824
Republic of Moldova,1994,-0.27754920423323104,0.8682204207996476,0.8864792094675827,0.020812025702630008,0.8682204207996476,0.8864792094675827
Republic of Moldova,1995,-0.3051420856231661,0.9329292578952793,0.885811001499239,-0.051825707507272334,0.9329292578952793,0.885811001499239
Republic of Moldova,1996,-0.3099426669482191,0.9348157850442824,0.9101613983971722,-0.026727514897366703,0.9348157850442824,0.9101613983971722
Republic of Moldova,1997,-0.32812536236281953,0.8864792094675827,0.9023641849700844,0.017760498594847268,0.8864792094675827,0.9023641849700844
Republic of Moldova,1998,-0.33086262320641013,0.885811001499239,0.8830155862620576,-0.003160755749645597,0.885811001499239,0.8830155862620576
Republic of Moldova,1999,-0.32106237283649847,0.9101613983971722,0.8830190011194917,-0.030275191694081008,0.9101613983971722,0.8830190011194917
Republic of Moldova,2000,-0.3044320835668267,0.9023641849700844,0.9089458780375644,0.007267352952846362,0.9023641849700844,0.9089458780375644
Republic of Moldova,2001,-0.3094482488200133,0.8830155862620576,0.9616141907193264,0.08527037657695315,0.8830155862620576,0.9616141907193264
Republic of Moldova,2002,-0.3181183369753235,0.8830190011194917,1.1232009253016704,0.24059089572005965,0.8830190011194917,1.1232009253016704
Republic of Moldova,2003,-0.32916351828466284,0.9089458780375644,1.1560151693997622,0.24044838403742091,0.9089458780375644,1.1560151693997622
Republic of Moldova,2004,-0.3517326693189259,0.9616141907193264,1.1260424514210032,0.15785103614569523,0.9616141907193264,1.1260424514210032
Republic of Moldova,2005,-0.39073459326158855,1.1232009253016704,1.0556107924136575,-0.062062971535227475,1.1232009253016704,1.0556107924136575
Republic of Moldova,2006,-0.4137889796253783,1.1560151693997622,0.9736748877737086,-0.1716565523329597,1.1560151693997622,0.9736748877737086
Republic of Moldova,2007,-0.41466608857925097,1.1260424514210032,0.975867416429656,-0.14313763904667853,1.1260424514210032,0.975867416429656
Republic of Moldova,2008,-0.4092767698912398,1.0556107924136575,0.8191824739636099,-0.2535676951592149,1.0556107924136575,0.8191824739636099
Republic of Moldova,2009,-0.40404285403783213,0.9736748877737086,0.7898440782690959,-0.20924166139814773,0.9736748877737086,0.7898440782690959
Republic of Moldova,2010,-0.3730723990349089,0.975867416429656,0.7657083469403987,-0.24252510299478974,0.975867416429656,0.7657083469403987
Republic of Moldova,2011,-0.3432042431368588,0.8191824739636099,0.8032640264278978,-0.019623375838966867,0.8191824739636099,0.8032640264278978
Republic of Moldova,2012,-0.3454847733317852,0.7898440782690959,0.8160844516728848,0.032682246895260364,0.7898440782690959,0.8160844516728848
Republic of Moldova,2013,-0.33999733285529293,0.7657083469403987,0.7913958384750033,0.03299687899498813,0.7657083469403987,0.7913958384750033
Republic of Moldova,2014,-0.3380021508916272,0.8032640264278978,0.7498535928034437,-0.06880539338667671,0.8032640264278978,0.7498535928034437
Republic of Moldova,2015,-0.33430809570488756,0.8160844516728848,0.7755024509727848,-0.05100663706485395,0.8160844516728848,0.7755024509727848
Republic of Moldova,2016,-0.32866077949846095,0.7913958384750033,0.8615990634561443,0.08499166539891723,0.7913958384750033,0.8615990634561443
Republic of Moldova,2017,-0.29683923148611685,0.7498535928034437,0.8460316266007534,0.12067861311266662,0.7498535928034437,0.8460316266007534
Republic of Moldova,2018,-0.23781956097341528,0.7755024509727848,0.929204640031848,0.1808176380456804,0.7755024509727848,0.929204640031848
Monaco,1992,3.000401453145037,0.054406522144798,0.0744205724890853,0.3132434335977603,0.054406522144798,0.0744205724890853
Monaco,1993,2.9701658074710897,0.0596301003512232,0.0850520175578322,0.35509754207718647,0.0596301003512232,0.0850520175578322
Monaco,1994,2.9385845984050927,0.0660587521766673,0.0975352359478007,0.3896642912383723,0.0660587521766673,0.0975352359478007
Monaco,1995,3.0011268719495714,0.0744205724890853,0.1125966364254228,0.4140748719709122,0.0744205724890853,0.1125966364254228
Monaco,1996,3.0790931165869346,0.0850520175578322,0.128634786896551,0.4137102557568273,0.0850520175578322,0.128634786896551
Monaco,1997,3.2364448744909513,0.0975352359478007,0.1449004800862083,0.3958301041046246,0.0975352359478007,0.1449004800862083
Monaco,1998,3.3950003204503947,0.1125966364254228,0.1591344533747927,0.3459350229780662,0.1125966364254228,0.1591344533747927
Monaco,1999,3.5462249754403556,0.128634786896551,0.1662759338918764,0.2566696210070063,0.128634786896551,0.1662759338918764
Monaco,2000,3.5536804433903053,0.1449004800862083,0.1712666848380719,0.16717367712780495,0.1449004800862083,0.1712666848380719
Monaco,2001,3.5545994134894277,0.1591344533747927,0.1749718218436234,0.09487491054179542,0.1591344533747927,0.1749718218436234
Monaco,2002,3.3997052997828603,0.1662759338918764,0.1782529059803497,0.06955429720134543,0.1662759338918764,0.1782529059803497
Monaco,2003,3.2745070576149424,0.1712666848380719,0.1802870896591877,0.051328328626812025,0.1712666848380719,0.1802870896591877
Monaco,2004,3.152982992764113,0.1749718218436234,0.1812807237183817,0.035421647719120486,0.1749718218436234,0.1812807237183817
Monaco,2005,3.1060095574658915,0.1782529059803497,0.1824031145469497,0.023015663221437554,0.1782529059803497,0.1824031145469497
Monaco,2006,2.9664648929799187,0.1802870896591877,0.1842443916508478,0.021712449799014877,0.1802870896591877,0.1842443916508478
Monaco,2007,2.862446222418524,0.1812807237183817,0.1866855252584819,0.029378568884830036,0.1812807237183817,0.1866855252584819
Monaco,2008,2.7790843682323003,0.1824031145469497,0.1875621216559879,0.02789080237990116,0.1824031145469497,0.1875621216559879
Monaco,2009,2.705549817235305,0.1842443916508478,0.1907206586541343,0.03454656127776645,0.1842443916508478,0.1907206586541343
Monaco,2010,2.5618783907090372,0.1866855252584819,0.1949352118378032,0.04324151155236655,0.1866855252584819,0.1949352118378032
Monaco,2011,2.449346591482843,0.1875621216559879,0.1960086761063569,0.04404858831264158,0.1875621216559879,0.1960086761063569
Monaco,2012,2.434860665676824,0.1907206586541343,0.1980447993221485,0.0376832330129242,0.1907206586541343,0.1980447993221485
Monaco,2013,2.389178422444263,0.1949352118378032,0.2004314243292421,0.02780476790469577,0.1949352118378032,0.2004314243292421
Monaco,2014,2.360375039790884,0.1960086761063569,0.2032446963741835,0.03625154825144983,0.1960086761063569,0.2032446963741835
Monaco,2015,2.4593011332178842,0.1980447993221485,0.2044412505342796,0.03178722847251536,0.1980447993221485,0.2044412505342796
Monaco,2016,2.624076863496229,0.2004314243292421,0.2067053852419181,0.03082220338705355,0.2004314243292421,0.2067053852419181
Monaco,2017,2.7978431959120456,0.2032446963741835,0.2081095650600799,0.02365392710772163,0.2032446963741835,0.2081095650600799
Monaco,2018,2.9835646634834267,0.2044412505342796,0.2113845417212045,0.03339813597696817,0.2044412505342796,0.2113845417212045
France,1992,-0.6821271844133977,1.010830196164247,1.126915344190783,0.10871204464430992,1.010830196164247,1.126915344190783
France,1993,-0.6824053655219561,1.0680531732064011,1.11153442377827,0.03990386093250897,1.0680531732064011,1.11153442377827
France,1994,-0.6790399103061113,1.1073776590107254,1.0854315153849554,-0.02001711471357112,1.1073776590107254,1.0854315153849554
France,1995,-0.6922311035520866,1.126915344190783,1.1276471583850043,0.000649184549021728,1.126915344190783,1.1276471583850043
France,1996,-0.7035606061817072,1.11153442377827,1.1834571089344272,0.06269842927018181,1.11153442377827,1.1834571089344272
France,1997,-0.7142061319166422,1.0854315153849554,1.2627626058569106,0.1513241178395996,1.0854315153849554,1.2627626058569106
France,1998,-0.7431784841734088,1.1276471583850043,1.3183080937124687,0.15621573772347214,1.1276471583850043,1.3183080937124687
France,1999,-0.7715201583040039,1.1834571089344272,1.3495380940559465,0.13132236891533983,1.1834571089344272,1.3495380940559465
France,2000,-0.7956352491531566,1.2627626058569106,1.397091116244655,0.10109035962489024,1.2627626058569106,1.397091116244655
France,2001,-0.8055541400601204,1.3183080937124687,1.413861512608146,0.06997540397858598,1.3183080937124687,1.413861512608146
France,2002,-0.8172439660282663,1.3495380940559465,1.4835039203271525,0.09464435509941355,1.3495380940559465,1.4835039203271525
France,2003,-0.8195412613125338,1.397091116244655,1.5228948157832167,0.08622064762392428,1.397091116244655,1.5228948157832167
France,2004,-0.8232807202128822,1.413861512608146,1.5723339392470943,0.10623640719400046,1.413861512608146,1.5723339392470943
France,2005,-0.8153739745916793,1.4835039203271525,1.66657628189136,0.1163645140175596,1.4835039203271525,1.66657628189136
France,2006,-0.7971495020200243,1.5228948157832167,1.7555441953840354,0.1421657969762281,1.5228948157832167,1.7555441953840354
France,2007,-0.7728027334963218,1.5723339392470943,1.811551985174079,0.14162274327173857,1.5723339392470943,1.811551985174079
France,2008,-0.7388785094928311,1.66657628189136,1.8188871162040912,0.08745339777267913,1.66657628189136,1.8188871162040912
France,2009,-0.7029363799686511,1.7555441953840354,1.804060355066788,0.027260970315494126,1.7555441953840354,1.804060355066788
France,2010,-0.6692619457028062,1.811551985174079,1.7928132089261084,-0.010397911239087176,1.811551985174079,1.7928132089261084
France,2011,-0.6454639203425644,1.8188871162040912,1.799454854682117,-0.01074107299030913,1.8188871162040912,1.799454854682117
France,2012,-0.6398976069970321,1.804060355066788,1.872599128064076,0.03728747627976836,1.804060355066788,1.872599128064076
France,2013,-0.6403275895788806,1.7928132089261084,1.889524919479028,0.052539392329182144,1.7928132089261084,1.889524919479028
France,2014,-0.635517983904205,1.799454854682117,1.9251660378464128,0.06752842063743358,1.799454854682117,1.9251660378464128
France,2015,-0.6255049905528476,1.872599128064076,1.9398907724709744,0.0353042762219401,1.872599128064076,1.9398907724709744
France,2016,-0.6016486804044043,1.889524919479028,1.9740874764194083,0.043780799535629966,1.889524919479028,1.9740874764194083
France,2017,-0.5533893064333101,1.9251660378464128,1.9649014264175404,0.020429851438757085,1.9251660378464128,1.9649014264175404
France,2018,-0.4983947570085795,1.9398907724709744,1.9336948544848112,-0.003199061886262511,1.9398907724709744,1.9336948544848112
